Registry,reg_id,registered condition,Decision,Reason
ClinicalTrials.gov,NCT04144686,Vestibular,Exclude,No acupuncture-family term anywhere in the registered protocol
ClinicalTrials.gov,NCT01004913,Vertigo,Exclude,No acupuncture-family term anywhere in the registered protocol
ClinicalTrials.gov,NCT00641797,Benign Paroxysmal Positional Vertigo,Exclude,No acupuncture-family term anywhere in the registered protocol
ClinicalTrials.gov,NCT04218123,Meniere Disease,Exclude,No acupuncture-family term anywhere in the registered protocol
ClinicalTrials.gov,NCT04447066,Vertigo; Dizziness,Exclude,No acupuncture-family term anywhere in the registered protocol
ClinicalTrials.gov,NCT03161470,Vertigo; Benign Paroxysmal Positional Vertigo,Exclude,No acupuncture-family term anywhere in the registered protocol
ClinicalTrials.gov,NCT00810641,HC-BPPV,Exclude,No acupuncture-family term anywhere in the registered protocol
ClinicalTrials.gov,NCT03867019,Benign Paroxysmal Positional Vertigo; Vertigo; Autonomic Nervous System,Exclude,No acupuncture-family term anywhere in the registered protocol
ClinicalTrials.gov,NCT04261283,Vestibular Disorder,Exclude,No acupuncture-family term anywhere in the registered protocol
ClinicalTrials.gov,NCT02615314,Migraine; Positional Vertigo,Exclude,No acupuncture-family term anywhere in the registered protocol
ClinicalTrials.gov,NCT06314581,Benign Paroxysmal Positional Vertigo,Exclude,No acupuncture-family term anywhere in the registered protocol
ClinicalTrials.gov,NCT02622516,Vestibular Diseases,Exclude,No acupuncture-family term anywhere in the registered protocol
ClinicalTrials.gov,NCT05176015,"Nystagmus, Acquired; Stroke, Acute",Exclude,No acupuncture-family term anywhere in the registered protocol
ClinicalTrials.gov,NCT02905292,Institutional Frail Elderly,Exclude,No acupuncture-family term anywhere in the registered protocol
ClinicalTrials.gov,NCT05391932,Vestibular Hypofunction,Exclude,No acupuncture-family term anywhere in the registered protocol
ClinicalTrials.gov,NCT04949321,Inner Ear ; Meniere's Disease; Imaging,Exclude,No acupuncture-family term anywhere in the registered protocol
ClinicalTrials.gov,NCT05871385,Peripheral Vestibular Disorders,Exclude,No acupuncture-family term anywhere in the registered protocol
ClinicalTrials.gov,NCT00182273,Benign Paroxysmal Positional Vertigo,Exclude,No acupuncture-family term anywhere in the registered protocol
ClinicalTrials.gov,NCT03325790,Meniere's Disease,Exclude,No acupuncture-family term anywhere in the registered protocol
ClinicalTrials.gov,NCT05427097,Dizziness; Cervical Pain,Exclude,No acupuncture-family term anywhere in the registered protocol
ClinicalTrials.gov,NCT02704819,Dizziness; Vertigo,Exclude,No acupuncture-family term anywhere in the registered protocol
ClinicalTrials.gov,NCT01050465,Acne Vulgaris; Allergic Rhinitis; Anxiety; Asthma; Back Pain; Prostatic Hyperplasia; Bursitis; Chronic Obstructive Pulmonary Disease; Cough; Coronary Artery Disease; Depression; Diabetes Mellitus; Diarrhea; Gastroesophageal Reflux; Fibromyalgia; Headache; HIV Infections; Hypothyroidism; Hyperlipidemia; Hypertension; Influenza; Sleep Initiation and Maintenance Disorders; Irritable Bowel Syndrome; Migraine Disorders; Obesity; Obstructive Sleep Apnea; Osteoarthritis; Senile Osteoporosis; Shoulder Pain; Sinusitis; Smoking Cessation; Tobacco Use Cessation; Menopause; Urinary Incontinence; Urinary Tract Infection; Vaginitis; Vertigo,Exclude,No acupuncture-family term anywhere in the registered protocol
ClinicalTrials.gov,NCT01729039,Dizziness,Exclude,No acupuncture-family term anywhere in the registered protocol
ClinicalTrials.gov,NCT05392595,Vertigo,Exclude,No acupuncture-family term anywhere in the registered protocol
ClinicalTrials.gov,NCT05932979,Presbyvestibulopathy,Exclude,No acupuncture-family term anywhere in the registered protocol
ClinicalTrials.gov,NCT05889676,Vertigo,Exclude,No acupuncture-family term anywhere in the registered protocol
ClinicalTrials.gov,NCT02809599,Benign Paroxysmal Positional Vertigo,Exclude,No acupuncture-family term anywhere in the registered protocol
ClinicalTrials.gov,NCT00474409,Vertigo,Exclude,No acupuncture-family term anywhere in the registered protocol
ClinicalTrials.gov,NCT02635113,Sensory Deficits,Exclude,No acupuncture-family term anywhere in the registered protocol
ClinicalTrials.gov,NCT00732797,Dizziness,Exclude,No acupuncture-family term anywhere in the registered protocol
ClinicalTrials.gov,NCT04715282,Benign Paroxysmal Positional Vertigo,Exclude,No acupuncture-family term anywhere in the registered protocol
ClinicalTrials.gov,NCT06738823,Benign Paroxysmal Positional Vertigo; Balance; Vertigo,Exclude,No acupuncture-family term anywhere in the registered protocol
ClinicalTrials.gov,NCT05430217,Vertigo; Autonomic Dysfunction,Exclude,No acupuncture-family term anywhere in the registered protocol
ClinicalTrials.gov,NCT06228196,"BPPV; Vertigo; Vertigo, Peripheral",Exclude,No acupuncture-family term anywhere in the registered protocol
ClinicalTrials.gov,NCT01574313,Vertigo; Meniere Disease,Exclude,No acupuncture-family term anywhere in the registered protocol
ClinicalTrials.gov,NCT07064096,Vestibular Hypofunction,Exclude,No acupuncture-family term anywhere in the registered protocol
ClinicalTrials.gov,NCT02782962,Vertigo; Unsteadiness,Exclude,No acupuncture-family term anywhere in the registered protocol
ClinicalTrials.gov,NCT05851508,Meniere Disease,Exclude,No acupuncture-family term anywhere in the registered protocol
ClinicalTrials.gov,NCT06479408,Persistent Postural Perceptual Dizziness,Exclude,No acupuncture-family term anywhere in the registered protocol
ClinicalTrials.gov,NCT00785135,"Binocular Dysfunction; Vertical Heterophoria; Vision, Binocular; Vision Disparity",Exclude,No acupuncture-family term anywhere in the registered protocol
ClinicalTrials.gov,NCT05821465,"Arrhythmias, Cardiac; Palpitation; Syncope; Light Headedness",Exclude,No acupuncture-family term anywhere in the registered protocol
ClinicalTrials.gov,NCT00978809,Benign Paroxysmal Positional Vertigo,Exclude,No acupuncture-family term anywhere in the registered protocol
ClinicalTrials.gov,NCT04436783,"BPPV; Vertigo, Peripheral",Exclude,No acupuncture-family term anywhere in the registered protocol
ClinicalTrials.gov,NCT05575362,BPPV,Exclude,No acupuncture-family term anywhere in the registered protocol
ClinicalTrials.gov,NCT02685579,Sleep Apnea; Dizziness; Vertigo,Exclude,No acupuncture-family term anywhere in the registered protocol
ClinicalTrials.gov,NCT06250712,Arrhythmia,Exclude,No acupuncture-family term anywhere in the registered protocol
ClinicalTrials.gov,NCT07587528,Nystagmus; Dizziness,Exclude,No acupuncture-family term anywhere in the registered protocol
ClinicalTrials.gov,NCT03908567,Vestibular Vertigo,Exclude,No acupuncture-family term anywhere in the registered protocol
ClinicalTrials.gov,NCT07469748,Vestibular Migraine,Exclude,No acupuncture-family term anywhere in the registered protocol
ClinicalTrials.gov,NCT07299487,Vertigo,Exclude,No acupuncture-family term anywhere in the registered protocol
ClinicalTrials.gov,NCT06668857,Acute Vestibular Syndrome; Vertigo; Stroke Acute; Acute Unilateral Vestibulopathy (AUV),Exclude,No acupuncture-family term anywhere in the registered protocol
ClinicalTrials.gov,NCT04367194,"Postural Vertigo; Vertigo, Paroxysmal; Vertigo, Positional; Coordination Disorder, Developmental; Coordination and Balance Disturbances",Exclude,No acupuncture-family term anywhere in the registered protocol
ClinicalTrials.gov,NCT03994809,"Pain; Depression, Anxiety; Dizziness; Signs and Symptoms",Exclude,No acupuncture-family term anywhere in the registered protocol
ClinicalTrials.gov,NCT05676216,Peripheral Vertigo,Exclude,No acupuncture-family term anywhere in the registered protocol
ClinicalTrials.gov,NCT06156202,Post-Acute COVID-19; Post-Acute COVID-19 Syndrome; Post-Acute COVID-19 Infection; Long COVID; Long Covid19; Dyspnea; Orthostasis; Cognitive Impairment,Exclude,No acupuncture-family term anywhere in the registered protocol
ClinicalTrials.gov,NCT02299128,Brain Concussion; Dizziness,Exclude,No acupuncture-family term anywhere in the registered protocol
ClinicalTrials.gov,NCT05436067,Vestibular Disorder; Balance; Distorted; Vestibular Diseases,Exclude,No acupuncture-family term anywhere in the registered protocol
ClinicalTrials.gov,NCT02927366,Pulmonary Arterial Hypertension,Exclude,No acupuncture-family term anywhere in the registered protocol
ClinicalTrials.gov,NCT03850353,"Sleep Apnea Syndromes, Obstructive; Dizziness; Eustachian Tube Dysfunction",Exclude,No acupuncture-family term anywhere in the registered protocol
ClinicalTrials.gov,NCT01442623,Peripheral Vestibular Disease,Exclude,No acupuncture-family term anywhere in the registered protocol
ClinicalTrials.gov,NCT04391673,Chronic Dizziness; Vestibular Disease,Exclude,No acupuncture-family term anywhere in the registered protocol
ClinicalTrials.gov,NCT05352555,Benign Paroxysmal Positional Vertigo,Exclude,No acupuncture-family term anywhere in the registered protocol
ClinicalTrials.gov,NCT02701218,Benign Paroxysmal Positional Vertigo (BPPV),Exclude,No acupuncture-family term anywhere in the registered protocol
ClinicalTrials.gov,NCT01583738,Acute Vertigo,Exclude,No acupuncture-family term anywhere in the registered protocol
ClinicalTrials.gov,NCT04674735,Meniere Disease; Vertigo; Vertigo Vestibular,Exclude,No acupuncture-family term anywhere in the registered protocol
ClinicalTrials.gov,NCT02447991,Vestibular Migraine; Migrainous Vertigo,Exclude,No acupuncture-family term anywhere in the registered protocol
ClinicalTrials.gov,NCT04417361,Vestibular Migraine,Exclude,No acupuncture-family term anywhere in the registered protocol
ClinicalTrials.gov,NCT03417596,Vestibular Migraine; Vestibular Disorder; Migraine Variant,Exclude,No acupuncture-family term anywhere in the registered protocol
ClinicalTrials.gov,NCT05125250,Cervical Pain,Exclude,No acupuncture-family term anywhere in the registered protocol
ClinicalTrials.gov,NCT06220799,Cervical Radiculopathy,Exclude,No acupuncture-family term anywhere in the registered protocol
ClinicalTrials.gov,NCT06725966,Benign Paroxysmal Positional Vertigo; Personalized Medicine,Exclude,No acupuncture-family term anywhere in the registered protocol
ClinicalTrials.gov,NCT01366430,Benign Paroxysmal Positional Vertigo,Exclude,No acupuncture-family term anywhere in the registered protocol
ClinicalTrials.gov,NCT07225023,Dizziness,Exclude,No acupuncture-family term anywhere in the registered protocol
ClinicalTrials.gov,NCT06500975,Bilateral Vestibular Hypofunction; Bilateral Vestibular Deficiency; Bilateral Vestibulopathy; Gentamicin Ototoxicity; Aminoglycoside Toxicity; Vestibular Diseases; Sensation Disorders; Labyrinth Diseases; Other Disorders of Vestibular Function,Exclude,No acupuncture-family term anywhere in the registered protocol
ClinicalTrials.gov,NCT06643702,Benign Paroxysmal Positional Vertigo (BPPV),Exclude,No acupuncture-family term anywhere in the registered protocol
ClinicalTrials.gov,NCT01021137,Dizziness; Brain Injury,Exclude,No acupuncture-family term anywhere in the registered protocol
ClinicalTrials.gov,NCT00988572,Wrist Fractures; Dizziness,Exclude,No acupuncture-family term anywhere in the registered protocol
ClinicalTrials.gov,NCT05604937,Cervicogenic Dizziness,Exclude,No acupuncture-family term anywhere in the registered protocol
ClinicalTrials.gov,NCT07754266,Headache Disorders; Dizziness; Vestibular Diseases; Sinus Disease; Vestibular Disorder; Migraine Disorders; Headache; Migraine; Facial Pain,Exclude,No acupuncture-family term anywhere in the registered protocol
ClinicalTrials.gov,NCT02048670,Dizziness Chronic,Exclude,No acupuncture-family term anywhere in the registered protocol
ClinicalTrials.gov,NCT03520322,Meniere Disease,Exclude,No acupuncture-family term anywhere in the registered protocol
ClinicalTrials.gov,NCT01267994,Sensorineural Hearing Loss; Autoimmune Inner Ear Disease,Exclude,No acupuncture-family term anywhere in the registered protocol
ClinicalTrials.gov,NCT04918745,Bilateral Vestibular Loss,Exclude,No acupuncture-family term anywhere in the registered protocol
ClinicalTrials.gov,NCT05897853,Vertigo; Functional Dizziness; Bilateral Vestibulopathy,Exclude,No acupuncture-family term anywhere in the registered protocol
ClinicalTrials.gov,NCT05326802,"Fatigue; Stress; Burnout, Professional; Musculoskeletal Pain; Back Pain; Neck Pain; Headache; Dizziness; Sleep Disturbance; Chest Pain; Syncope; Cardiovascular Diseases; Shortness of Breath; Gastrointestinal Diseases",Exclude,No acupuncture-family term anywhere in the registered protocol
ClinicalTrials.gov,NCT06321341,Vertigo; Autonomic Dysfunction,Exclude,No acupuncture-family term anywhere in the registered protocol
ClinicalTrials.gov,NCT06303271,Vestibular Diseases,Exclude,No acupuncture-family term anywhere in the registered protocol
ClinicalTrials.gov,NCT05333198,Benign Paroxysmal Positional Vertigo (Disorder),Exclude,No acupuncture-family term anywhere in the registered protocol
ClinicalTrials.gov,NCT01630044,Migraine Headache,Exclude,No acupuncture-family term anywhere in the registered protocol
ClinicalTrials.gov,NCT02031692,Benign Paroxysmal Positional Vertigo,Exclude,No acupuncture-family term anywhere in the registered protocol
ClinicalTrials.gov,NCT01727544,Vestibular Dizziness; Superior Semicircular Canal Dehiscence,Exclude,No acupuncture-family term anywhere in the registered protocol
ClinicalTrials.gov,NCT03846830,Mild Traumatic Brain Injury; Vestibular Neuropathy,Exclude,No acupuncture-family term anywhere in the registered protocol
ClinicalTrials.gov,NCT00593216,Vertigo,Exclude,No acupuncture-family term anywhere in the registered protocol
ClinicalTrials.gov,NCT01526408,Meniere's Disease,Exclude,No acupuncture-family term anywhere in the registered protocol
ClinicalTrials.gov,NCT07166536,"Mild Traumatic Brain Injury, Concussion; Post Concussive Syndrome, Chronic; Post Traumatic Headache",Exclude,No acupuncture-family term anywhere in the registered protocol
ClinicalTrials.gov,NCT06893029,Dizziness; Concussion (Diagnosis); Traumatic Brain Injury; Balance Assessment,Exclude,No acupuncture-family term anywhere in the registered protocol
ClinicalTrials.gov,NCT02171312,Mild Concussion; Post Concussion Syndrome; Vestibular Neuritis,Exclude,No acupuncture-family term anywhere in the registered protocol
ClinicalTrials.gov,NCT04687371,"Vertigo, Peripheral; Vestibular Disease",Exclude,No acupuncture-family term anywhere in the registered protocol
ClinicalTrials.gov,NCT02592863,Dizziness; Vertigo,Exclude,No acupuncture-family term anywhere in the registered protocol
ClinicalTrials.gov,NCT01632787,Binocular Vision Dysfunction; Vertical Heterophoria,Exclude,No acupuncture-family term anywhere in the registered protocol
ClinicalTrials.gov,NCT00889824,Dizziness,Exclude,No acupuncture-family term anywhere in the registered protocol
ClinicalTrials.gov,NCT07751497,Vestibular Migraine,Exclude,No acupuncture-family term anywhere in the registered protocol
ClinicalTrials.gov,NCT06563076,Vestibular Diseases; Vestibular Disorder; Vestibular Vertigo,Exclude,No acupuncture-family term anywhere in the registered protocol
ClinicalTrials.gov,NCT05582148,"Meniere Disease; Hearing Loss, Sensorineural",Exclude,No acupuncture-family term anywhere in the registered protocol
ClinicalTrials.gov,NCT04458376,Vertigo,Exclude,No acupuncture-family term anywhere in the registered protocol
ClinicalTrials.gov,NCT04413084,HEARING IMPAIRED CHILDREN,Exclude,No acupuncture-family term anywhere in the registered protocol
ClinicalTrials.gov,NCT00732108,Migraine; Headache; Dizziness,Exclude,No acupuncture-family term anywhere in the registered protocol
ClinicalTrials.gov,NCT05533840,Hearing Loss; Tinnitus; Vertigo,Exclude,No acupuncture-family term anywhere in the registered protocol
ClinicalTrials.gov,NCT02350985,Vestibular Migraine,Exclude,No acupuncture-family term anywhere in the registered protocol
ClinicalTrials.gov,NCT00500474,Meniere's Disease,Exclude,No acupuncture-family term anywhere in the registered protocol
ClinicalTrials.gov,NCT06873217,Dizziness and Vertigo,Include,
ClinicalTrials.gov,NCT05853328,BPPV,Exclude,No acupuncture-family term anywhere in the registered protocol
ClinicalTrials.gov,NCT04791930,Vertigo Labyrinthine,Exclude,No acupuncture-family term anywhere in the registered protocol
ClinicalTrials.gov,NCT06991504,Migraine,Exclude,No acupuncture-family term anywhere in the registered protocol
ClinicalTrials.gov,NCT05446506,Benign Paroxysmal Positional Vertigo,Exclude,No acupuncture-family term anywhere in the registered protocol
ClinicalTrials.gov,NCT04469309,"Vertigo, Paroxysmal",Exclude,No acupuncture-family term anywhere in the registered protocol
ClinicalTrials.gov,NCT07559162,Unilateral Peripheral Vestibular Hypofunction; Vestibular Disorders; Dizziness; Vertigo Benign Positional; Dizziness and Vertigo; Vestibular Function Disorder,Exclude,No acupuncture-family term anywhere in the registered protocol
ClinicalTrials.gov,NCT01552473,Traumatic Brain Injury,Exclude,No acupuncture-family term anywhere in the registered protocol
ClinicalTrials.gov,NCT07493005,Vestibular Migraine,Exclude,No acupuncture-family term anywhere in the registered protocol
ClinicalTrials.gov,NCT04794842,Intratympanic Steroid Injection; Idiopathic Sudden Sensorineural Hearing Loss; Meniere Disease,Exclude,No acupuncture-family term anywhere in the registered protocol
ClinicalTrials.gov,NCT04055766,Stroke; Headache; Vertigo; Meningitis/Encephalitis,Exclude,No acupuncture-family term anywhere in the registered protocol
ClinicalTrials.gov,NCT03660852,Stroke; Dizziness; Diplopia; MRI; Emergency Department,Exclude,No acupuncture-family term anywhere in the registered protocol
ClinicalTrials.gov,NCT06741358,Persistent Postural Perceptual Dizziness,Exclude,No acupuncture-family term anywhere in the registered protocol
ClinicalTrials.gov,NCT02371798,Meniere Disease,Exclude,No acupuncture-family term anywhere in the registered protocol
ClinicalTrials.gov,NCT07472998,BPPV; Stress and Anxiety,Exclude,No acupuncture-family term anywhere in the registered protocol
ClinicalTrials.gov,NCT07299578,Sleep Disorders,Exclude,No acupuncture-family term anywhere in the registered protocol
ClinicalTrials.gov,NCT06929468,"Ototoxic Hearing Loss; Ototoxicity, Drug-Induced; Cisplatin-induced Hearing Loss; Cisplatin Ototoxicity; Head and Neck Cancer; Dizzyness; Inner Ear Hearing Loss; Vestibular Disease; Squamous Cell Carcinoma of the Head and Neck; Deafness; Hearing Loss",Exclude,No acupuncture-family term anywhere in the registered protocol
ClinicalTrials.gov,NCT05446597,Mild Traumatic Brain Injury; Headaches Posttraumatic; Neck Pain; Dizziness,Exclude,No acupuncture-family term anywhere in the registered protocol
ClinicalTrials.gov,NCT04438538,Ménière's Disease,Exclude,No acupuncture-family term anywhere in the registered protocol
ClinicalTrials.gov,NCT06229717,"Children, Only; Vestibular Disorder; Vestibular Function; Sensorineural Hearing Loss",Exclude,No acupuncture-family term anywhere in the registered protocol
ClinicalTrials.gov,NCT01943955,Peripheral Vestibular Disorders; Vestibular Syndromes &/or Disorders (Labyrinthine); Vestibular Neuronitis,Exclude,No acupuncture-family term anywhere in the registered protocol
ClinicalTrials.gov,NCT00831688,Meniere's Disease,Exclude,No acupuncture-family term anywhere in the registered protocol
ClinicalTrials.gov,NCT07491965,Benign Paroxysmal Positional Vertigo (BPPV),Exclude,No acupuncture-family term anywhere in the registered protocol
ClinicalTrials.gov,NCT06848712,Vertigo; MRI,Exclude,No acupuncture-family term anywhere in the registered protocol
ClinicalTrials.gov,NCT07267988,BPPV; Dizziness; Quality of Life,Exclude,No acupuncture-family term anywhere in the registered protocol
ClinicalTrials.gov,NCT07575074,Vestibular Disorder,Exclude,No acupuncture-family term anywhere in the registered protocol
ClinicalTrials.gov,NCT05922774,Benign Paroxysmal Positional Vertigo,Exclude,No acupuncture-family term anywhere in the registered protocol
ClinicalTrials.gov,NCT05812209,Long COVID; Long Covid19; Post-COVID-19 Syndrome; Post Acute COVID-19 Syndrome; Dysautonomia; Anosmia; Dysgeusia; Brain Fog; Muscle Pain; Shortness of Breath; Dizziness; Fatigue Post Viral; Cough; Menstrual Cycle Abnormal; Pain,Exclude,No acupuncture-family term anywhere in the registered protocol
ClinicalTrials.gov,NCT05402228,Temporomandibular Joint Disorders; Dizziness; Tinnitus,Exclude,No acupuncture-family term anywhere in the registered protocol
ClinicalTrials.gov,NCT06641050,"Stroke, Ischemic",Exclude,No acupuncture-family term anywhere in the registered protocol
ClinicalTrials.gov,NCT03230513,Benign Paroxysmal Positional Vertigo,Exclude,No acupuncture-family term anywhere in the registered protocol
ClinicalTrials.gov,NCT04875013,"Dizziness; Equilibrium; Disorder, Labyrinth; Inner Ear Injury",Exclude,No acupuncture-family term anywhere in the registered protocol
ClinicalTrials.gov,NCT02718846,Meniere's Disease,Exclude,No acupuncture-family term anywhere in the registered protocol
ClinicalTrials.gov,NCT03343574,Parkinson Disease; Orthostatic Hypotension,Exclude,No acupuncture-family term anywhere in the registered protocol
ClinicalTrials.gov,NCT06683417,MTBI - Mild Traumatic Brain Injury; Vestibular Disease; Balance Deficits; Vestibular Disorders; Dizziness,Exclude,No acupuncture-family term anywhere in the registered protocol
ClinicalTrials.gov,NCT06992674,Vestibular Migraine,Exclude,No acupuncture-family term anywhere in the registered protocol
ClinicalTrials.gov,NCT05002296,Vertigo,Exclude,No acupuncture-family term anywhere in the registered protocol
ClinicalTrials.gov,NCT03795168,Vertigo; Dizziness; Nausea; Balance,Exclude,No acupuncture-family term anywhere in the registered protocol
ClinicalTrials.gov,NCT04835688,Meniere Disease,Exclude,No acupuncture-family term anywhere in the registered protocol
ClinicalTrials.gov,NCT01174979,Tinnitus,Exclude,No acupuncture-family term anywhere in the registered protocol
ClinicalTrials.gov,NCT05984901,Ménière's Disease; Vestibular Migraine; Benign Paroxysmal Positional Vertigo (BPPV),Exclude,No acupuncture-family term anywhere in the registered protocol
ClinicalTrials.gov,NCT01797744,Stroke; Dizziness,Exclude,No acupuncture-family term anywhere in the registered protocol
ClinicalTrials.gov,NCT05249283,Patients With Acute or Chronic Otoneurological Disorders; Patients Presenting or Having Experienced Dizziness and / or Balance Disorders,Exclude,No acupuncture-family term anywhere in the registered protocol
ClinicalTrials.gov,NCT02194036,Agitation; Anxiety; Dizziness; Pain; Numbness; Depression; Fatigue; Sleep Disturbances,Exclude,No acupuncture-family term anywhere in the registered protocol
ClinicalTrials.gov,NCT06172699,"Atrial Fibrillation Paroxysmal; Atrial Fibrillation, Persistent; Cardiac Arrhythmia; Ablation",Exclude,No acupuncture-family term anywhere in the registered protocol
ClinicalTrials.gov,NCT03182868,Dizziness,Exclude,No acupuncture-family term anywhere in the registered protocol
ClinicalTrials.gov,NCT02963896,Vestibular Schwannoma,Exclude,No acupuncture-family term anywhere in the registered protocol
ClinicalTrials.gov,NCT04117620,Dizziness,Exclude,No acupuncture-family term anywhere in the registered protocol
ClinicalTrials.gov,NCT06991816,Mild Cognitive Impairment; Alzheimer Disease; Parkinson,Exclude,No acupuncture-family term anywhere in the registered protocol
ClinicalTrials.gov,NCT06498804,Intracranial Hypotension,Exclude,No acupuncture-family term anywhere in the registered protocol
ClinicalTrials.gov,NCT06540235,Vestibular Migraine,Exclude,No acupuncture-family term anywhere in the registered protocol
ClinicalTrials.gov,NCT05103748,Vertigo,Exclude,No acupuncture-family term anywhere in the registered protocol
ClinicalTrials.gov,NCT04649268,Peripheral Vestibular Disorder,Exclude,No acupuncture-family term anywhere in the registered protocol
ClinicalTrials.gov,NCT06001047,Benign Paroxysmal Positional Vertigo,Include,
ClinicalTrials.gov,NCT03412708,Dizziness; Vestibular Rehabilitation; Virtual Reality,Exclude,No acupuncture-family term anywhere in the registered protocol
ClinicalTrials.gov,NCT07099222,"Postoperative Pain; Nausea and Vomiting, Postoperative; Dizziness; Constipation; Duration of Response; Narcotics Consumption; Pain After Surgery",Exclude,No acupuncture-family term anywhere in the registered protocol
ClinicalTrials.gov,NCT03452410,Vestibular Neuritis,Exclude,No acupuncture-family term anywhere in the registered protocol
ClinicalTrials.gov,NCT06017466,Vertigo,Exclude,No acupuncture-family term anywhere in the registered protocol
ClinicalTrials.gov,NCT00802529,Meniere's Disease,Exclude,No acupuncture-family term anywhere in the registered protocol
ClinicalTrials.gov,NCT07287891,ED With Vertigo; Dizziness; Unsteadiness,Exclude,No acupuncture-family term anywhere in the registered protocol
ClinicalTrials.gov,NCT03346889,Vestibular Schwannoma,Exclude,No acupuncture-family term anywhere in the registered protocol
ClinicalTrials.gov,NCT02772042,Dizziness; Neck Pain,Exclude,No acupuncture-family term anywhere in the registered protocol
ClinicalTrials.gov,NCT06735157,"Mild Traumatic Brain Injury, Concussion; Chronic Dizziness; Vestibular Problem",Exclude,No acupuncture-family term anywhere in the registered protocol
ClinicalTrials.gov,NCT02029508,Benign Paroxysmal Positional Vertigo,Exclude,No acupuncture-family term anywhere in the registered protocol
ClinicalTrials.gov,NCT00702832,Dizziness; Nausea; Nystagmus; Vestibular Diseases,Exclude,No acupuncture-family term anywhere in the registered protocol
ClinicalTrials.gov,NCT05707130,Dizziness; Balance; Distorted; Cervical Spondylosis,Exclude,No acupuncture-family term anywhere in the registered protocol
ClinicalTrials.gov,NCT03593577,Vestibular Schwannoma,Exclude,No acupuncture-family term anywhere in the registered protocol
ClinicalTrials.gov,NCT07062809,Dizziness; Cervicogenic Headache,Exclude,No acupuncture-family term anywhere in the registered protocol
ClinicalTrials.gov,NCT03973658,Dizziness; Hearing Loss,Exclude,No acupuncture-family term anywhere in the registered protocol
ClinicalTrials.gov,NCT06417684,Vestibular Migraine,Exclude,No acupuncture-family term anywhere in the registered protocol
ClinicalTrials.gov,NCT02938221,Stroke; Vertigo; Dizziness,Exclude,No acupuncture-family term anywhere in the registered protocol
ClinicalTrials.gov,NCT01412177,Meniere's Disease,Exclude,No acupuncture-family term anywhere in the registered protocol
ClinicalTrials.gov,NCT05844657,Meniere Disease; Psychosocial Problem; Physical Disability; Quality of Life,Exclude,No acupuncture-family term anywhere in the registered protocol
ClinicalTrials.gov,NCT03330262,Vestibular Disorder; Dizziness,Exclude,No acupuncture-family term anywhere in the registered protocol
ClinicalTrials.gov,NCT07404956,Surgical Smoke Exposure; Occupational Exposure to Surgical Smoke; Headache; Dizziness; Nause and Vomiting; Fatigue Symptom; Eye Allergies; Abdominal Pain (AP); Heart Rate Determination; SpO2; Muscle Weakness | Patient; Muscle Aches; Dispnea,Exclude,No acupuncture-family term anywhere in the registered protocol
ClinicalTrials.gov,NCT06115915,Vertigo,Exclude,No acupuncture-family term anywhere in the registered protocol
ClinicalTrials.gov,NCT07747376,Benign Paroxysmal Positional Vertigo (BPPV); Vestibular Hypofunction,Exclude,No acupuncture-family term anywhere in the registered protocol
ClinicalTrials.gov,NCT04553640,Simulation; Dizziness; Vertigo; Stroke,Exclude,No acupuncture-family term anywhere in the registered protocol
ClinicalTrials.gov,NCT07703085,Benign Proximal Positional Vertigo (BPPV),Exclude,No acupuncture-family term anywhere in the registered protocol
ClinicalTrials.gov,NCT07826910,"Migraine Disorders, Brain; Healthy Adult Participants; Vestibulo-Ocular Reflex",Exclude,No acupuncture-family term anywhere in the registered protocol
ClinicalTrials.gov,NCT01890538,Peripheral Vertigo,Exclude,No acupuncture-family term anywhere in the registered protocol
ClinicalTrials.gov,NCT05969340,BPPV,Exclude,No acupuncture-family term anywhere in the registered protocol
ClinicalTrials.gov,NCT03271775,"Vestibulopathy, Acute Peripheral",Exclude,No acupuncture-family term anywhere in the registered protocol
ClinicalTrials.gov,NCT04087044,Vestibular Function Tests,Exclude,No acupuncture-family term anywhere in the registered protocol
ClinicalTrials.gov,NCT05013671,BPPV,Exclude,No acupuncture-family term anywhere in the registered protocol
ClinicalTrials.gov,NCT05525728,Dizziness; Syndrome,Exclude,No acupuncture-family term anywhere in the registered protocol
ClinicalTrials.gov,NCT06760975,Vertigo,Exclude,No acupuncture-family term anywhere in the registered protocol
ClinicalTrials.gov,NCT03974867,Vestibular Vertigo; Sudden Hearing Loss,Exclude,No acupuncture-family term anywhere in the registered protocol
ClinicalTrials.gov,NCT07532109,Vestibular Migraine,Exclude,No acupuncture-family term anywhere in the registered protocol
ClinicalTrials.gov,NCT01973114,Menière's Disease,Exclude,No acupuncture-family term anywhere in the registered protocol
ClinicalTrials.gov,NCT01827293,Peripheral Vertigo.,Exclude,No acupuncture-family term anywhere in the registered protocol
ClinicalTrials.gov,NCT03750552,Symptomatic Neurogenic Orthostatic Hypotension,Exclude,No acupuncture-family term anywhere in the registered protocol
ClinicalTrials.gov,NCT04026516,Meniere's Disease; Benign Paroxysmal Positional Vertigo; Recurrent Vestibulopathy; Vestibular Migraine,Exclude,No acupuncture-family term anywhere in the registered protocol
ClinicalTrials.gov,NCT05122663,Dizziness; Vertigo,Exclude,No acupuncture-family term anywhere in the registered protocol
ClinicalTrials.gov,NCT04420949,Dizziness; Vertigo; Motion Sickness,Exclude,No acupuncture-family term anywhere in the registered protocol
ClinicalTrials.gov,NCT05472675,Vestibular Migraine,Exclude,No acupuncture-family term anywhere in the registered protocol
ClinicalTrials.gov,NCT02486003,Mild Traumatic Brain Injury; Brain Concussion,Exclude,No acupuncture-family term anywhere in the registered protocol
ClinicalTrials.gov,NCT04935970,Benign Paroxysmal Positional Vertigo (BPPV); Vestibular Migraine; Central Positional Vertigo; Vestibular Neuritis; Meniere Disease,Exclude,No acupuncture-family term anywhere in the registered protocol
ClinicalTrials.gov,NCT03643354,Benign Paroxysmal Positional Vertigo,Exclude,No acupuncture-family term anywhere in the registered protocol
ClinicalTrials.gov,NCT02005172,"Arrhythmia, Palpitations, Lightheadedness",Exclude,No acupuncture-family term anywhere in the registered protocol
ClinicalTrials.gov,NCT01695577,Traumatic Brain Injury; Brain Concussion; Head Injury; Dizziness,Exclude,No acupuncture-family term anywhere in the registered protocol
ClinicalTrials.gov,NCT05430282,Vestibular Disorder; Peripheral Vestibular Disorder,Exclude,No acupuncture-family term anywhere in the registered protocol
ClinicalTrials.gov,NCT07576088,Benign Paroxysmal Positional Vertigo; Vertigo; Balance Disorder,Exclude,No acupuncture-family term anywhere in the registered protocol
ClinicalTrials.gov,NCT04869020,Vertigo,Exclude,No acupuncture-family term anywhere in the registered protocol
ClinicalTrials.gov,NCT07790874,Cervical; Dizziness; Disability; Pain,Exclude,No acupuncture-family term anywhere in the registered protocol
ClinicalTrials.gov,NCT01008124,Vertigo; Vestibular Disease,Exclude,No acupuncture-family term anywhere in the registered protocol
ClinicalTrials.gov,NCT04147156,BPPV,Exclude,No acupuncture-family term anywhere in the registered protocol
ClinicalTrials.gov,NCT04497025,Multiple Sclerosis; Vestibular Disease; Dizziness; Balance Disorders; Fatigue; Quality of Life; Usability; Cybersickness,Exclude,No acupuncture-family term anywhere in the registered protocol
ClinicalTrials.gov,NCT05831618,Rehabilitation; Balance; Vestibular Disorder; Dizziness,Exclude,No acupuncture-family term anywhere in the registered protocol
ClinicalTrials.gov,NCT04578262,Benign Paroxysmal Positional Vertigo; Multiple Sclerosis,Exclude,No acupuncture-family term anywhere in the registered protocol
ClinicalTrials.gov,NCT05944159,"Soft Tissue Mobilisation; Vestibular Exercises; Physiotherapy; Vertigo, Paroxysmal; Temporomandibular Joint Disorders",Exclude,No acupuncture-family term anywhere in the registered protocol
ClinicalTrials.gov,NCT04183842,Headache; Nausea; Dizziness; Sleepiness; Anxiety; Thirst,Exclude,No acupuncture-family term anywhere in the registered protocol
ClinicalTrials.gov,NCT01153789,Vertigo; Headache; Anomaly of Vergence System; Accommodation Disorders; Orthoptic Rehabilitation,Exclude,No acupuncture-family term anywhere in the registered protocol
ClinicalTrials.gov,NCT04849078,Vertigo; Dizziness,Exclude,No acupuncture-family term anywhere in the registered protocol
ClinicalTrials.gov,NCT03034655,Dizziness Chronic; Fall,Exclude,No acupuncture-family term anywhere in the registered protocol
ClinicalTrials.gov,NCT05532176,Static and Dynamic Posture Standards,Exclude,No acupuncture-family term anywhere in the registered protocol
ClinicalTrials.gov,NCT07772973,Benign Paroxysmal Positional Vertigo (BPPV),Exclude,No acupuncture-family term anywhere in the registered protocol
ClinicalTrials.gov,NCT05834452,Benign Paroxysmal Positional Vertigo; BPPV,Exclude,No acupuncture-family term anywhere in the registered protocol
ClinicalTrials.gov,NCT05674786,"Other Disorders of Vestibular Function, Bilateral; Bilateral Vestibular Deficiency (BVD); Gentamicin Ototoxicity; Labyrinth Diseases; Vestibular Diseases; Sensation Disorders; Bilateral Vestibular Hypofunction; Bilateral Vestibulopathy; Aminoglycoside Ototoxicity",Exclude,No acupuncture-family term anywhere in the registered protocol
ClinicalTrials.gov,NCT05470842,Diabetes; Hypoglycaemia,Exclude,No acupuncture-family term anywhere in the registered protocol
ClinicalTrials.gov,NCT02819856,Ototoxicity,Exclude,No acupuncture-family term anywhere in the registered protocol
ClinicalTrials.gov,NCT06637566,Vertigo,Exclude,No acupuncture-family term anywhere in the registered protocol
ClinicalTrials.gov,NCT07111000,Benign Paroxysmal Positional Vertigo (BPPV),Exclude,No acupuncture-family term anywhere in the registered protocol
ClinicalTrials.gov,NCT04929444,"Vertigo; Vertigo, Paroxysmal",Exclude,No acupuncture-family term anywhere in the registered protocol
ClinicalTrials.gov,NCT02740387,Meniere's Disease,Exclude,No acupuncture-family term anywhere in the registered protocol
ClinicalTrials.gov,NCT04979598,Acute Unilateral Vestibular Deafferentiation,Exclude,No acupuncture-family term anywhere in the registered protocol
ClinicalTrials.gov,NCT02717442,Meniere's Disease,Exclude,No acupuncture-family term anywhere in the registered protocol
ClinicalTrials.gov,NCT02247648,Pain; Vertigo; Nausea; Pruritus,Exclude,No acupuncture-family term anywhere in the registered protocol
ClinicalTrials.gov,NCT06421727,Persistent Postural Perceptual Dizziness,Exclude,No acupuncture-family term anywhere in the registered protocol
ClinicalTrials.gov,NCT02344446,Concussion; Dizziness,Exclude,No acupuncture-family term anywhere in the registered protocol
ClinicalTrials.gov,NCT06118541,Vestibular Rehabilitation,Exclude,No acupuncture-family term anywhere in the registered protocol
ClinicalTrials.gov,NCT01345422,Dizziness,Exclude,No acupuncture-family term anywhere in the registered protocol
ClinicalTrials.gov,NCT03886012,Dizziness; Nausea; Headache; Confusion,Exclude,No acupuncture-family term anywhere in the registered protocol
ClinicalTrials.gov,NCT01460121,Chronic Dizziness,Exclude,No acupuncture-family term anywhere in the registered protocol
ClinicalTrials.gov,NCT05828433,Benign Paroxysmal Positional Vertigo,Exclude,No acupuncture-family term anywhere in the registered protocol
ClinicalTrials.gov,NCT07304414,Mal de Debarquement Syndrome (MdDS),Exclude,No acupuncture-family term anywhere in the registered protocol
ClinicalTrials.gov,NCT06229704,"Children, Only; Vestibular Disorder; Vestibular Function Disorder; Development Delay",Exclude,No acupuncture-family term anywhere in the registered protocol
ClinicalTrials.gov,NCT07368140,Vestibular Migraine,Exclude,No acupuncture-family term anywhere in the registered protocol
ClinicalTrials.gov,NCT03431506,Vestibular Disorder,Exclude,No acupuncture-family term anywhere in the registered protocol
ClinicalTrials.gov,NCT04902963,Eustachian Tube Dysfunction; Sudden Hearing Loss; Meniere Disease,Exclude,No acupuncture-family term anywhere in the registered protocol
ClinicalTrials.gov,NCT04751006,Chronic Dizziness,Exclude,No acupuncture-family term anywhere in the registered protocol
ClinicalTrials.gov,NCT05425199,Benign Paroxysmal Positional Vertigo,Exclude,No acupuncture-family term anywhere in the registered protocol
ClinicalTrials.gov,NCT06319144,Insulin Resistance; Postoperative Nausea and Vomiting; Quality of Recovery; Dizzyness,Exclude,No acupuncture-family term anywhere in the registered protocol
ClinicalTrials.gov,NCT07468864,Vestibular Pathology,Exclude,No acupuncture-family term anywhere in the registered protocol
ClinicalTrials.gov,NCT05914207,Vestibular Migraine,Exclude,No acupuncture-family term anywhere in the registered protocol
ClinicalTrials.gov,NCT04370366,Meniere Disease,Exclude,No acupuncture-family term anywhere in the registered protocol
ClinicalTrials.gov,NCT04569175,Meniere Disease,Exclude,No acupuncture-family term anywhere in the registered protocol
ClinicalTrials.gov,NCT04415307,Dizziness,Exclude,"Withdrawn or terminated, or zero planned enrolment"
ClinicalTrials.gov,NCT03670589,Dizziness,Exclude,No acupuncture-family term anywhere in the registered protocol
ClinicalTrials.gov,NCT06859788,Meniere's Disease; Ménière's Disease,Exclude,No acupuncture-family term anywhere in the registered protocol
ClinicalTrials.gov,NCT02213120,Vertigo,Exclude,No acupuncture-family term anywhere in the registered protocol
ClinicalTrials.gov,NCT06544590,Meniere Disease,Exclude,No acupuncture-family term anywhere in the registered protocol
ClinicalTrials.gov,NCT04921059,Heart Rate Response; Orthostasis,Exclude,No acupuncture-family term anywhere in the registered protocol
ClinicalTrials.gov,NCT01047371,Pain; Nausea; Vomiting; Dizzyness; Fatigue; Organizational Concerns; Ect.,Exclude,No acupuncture-family term anywhere in the registered protocol
ClinicalTrials.gov,NCT05500521,"Hearing Loss, Sensorineural, Severe; Hearing Loss, Sensorineural, Profound; Vestibular Disorder",Exclude,No acupuncture-family term anywhere in the registered protocol
ClinicalTrials.gov,NCT02265393,Meniere's Disease,Exclude,No acupuncture-family term anywhere in the registered protocol
ClinicalTrials.gov,NCT02309099,Unilateral Acoustic Neuroma; Meniere's Disease,Exclude,No acupuncture-family term anywhere in the registered protocol
ClinicalTrials.gov,NCT03795675,Vestibular Schwannoma; Meniere Disease,Exclude,No acupuncture-family term anywhere in the registered protocol
ClinicalTrials.gov,NCT06332326,Vestibular Diseases; Vestibular Vertigo; Vertigo,Exclude,No acupuncture-family term anywhere in the registered protocol
ClinicalTrials.gov,NCT03854084,Benign Paroxysmal Positional Vertigo,Exclude,No acupuncture-family term anywhere in the registered protocol
ClinicalTrials.gov,NCT00729885,Positional Vertigo; Vertigo,Exclude,No acupuncture-family term anywhere in the registered protocol
ClinicalTrials.gov,NCT01860755,Sport-related Concussion,Exclude,No acupuncture-family term anywhere in the registered protocol
ClinicalTrials.gov,NCT05056324,Acute Vestibular Syndrome,Exclude,No acupuncture-family term anywhere in the registered protocol
ClinicalTrials.gov,NCT07646327,Cervicogenic Dizziness,Exclude,No acupuncture-family term anywhere in the registered protocol
ClinicalTrials.gov,NCT02299804,Vertigo,Exclude,No acupuncture-family term anywhere in the registered protocol
ClinicalTrials.gov,NCT01452581,"Arthroplasty, Hip",Exclude,No acupuncture-family term anywhere in the registered protocol
ClinicalTrials.gov,NCT02134444,Peripheral Vestibular Disorders; Dizziness,Exclude,No acupuncture-family term anywhere in the registered protocol
ClinicalTrials.gov,NCT05192564,Vestibular Disease; Vestibular Disorder; Vestibular Vertigo,Exclude,No acupuncture-family term anywhere in the registered protocol
ClinicalTrials.gov,NCT04720872,Peripheral Vestibular Disorder,Exclude,No acupuncture-family term anywhere in the registered protocol
ClinicalTrials.gov,NCT07606196,Vestibular Hypofunction; Vestibular Assessment; Vestibular Exercises; Vestibulopathy; Rehabilitation; Unilateral Vestibular Deficit,Exclude,No acupuncture-family term anywhere in the registered protocol
ClinicalTrials.gov,NCT07283562,Sensorineural Hearing Loss; Vertigo,Include,
ClinicalTrials.gov,NCT02253524,Nausea; Vomiting; Vertigo,Exclude,No acupuncture-family term anywhere in the registered protocol
ClinicalTrials.gov,NCT06073886,"Post-Concussion Syndrome; Concussion, Brain; Mild Traumatic Brain Injury; Head Injury; Headache; Dizziness; Cognitive Symptom; Dysautonomia; Anxiety; Irritability; Syndrome; Depression; Post-traumatic Stress Disorder",Exclude,No acupuncture-family term anywhere in the registered protocol
ClinicalTrials.gov,NCT00765635,Ear Infection; Hearing Loss; Vertigo,Exclude,No acupuncture-family term anywhere in the registered protocol
ClinicalTrials.gov,NCT01832714,"Concussion, Mild; Concussion, Intermediate; Concussion, Severe",Exclude,No acupuncture-family term anywhere in the registered protocol
ClinicalTrials.gov,NCT03930485,Dizziness,Exclude,No acupuncture-family term anywhere in the registered protocol
ClinicalTrials.gov,NCT01084525,Meniere's Disease,Exclude,No acupuncture-family term anywhere in the registered protocol
ClinicalTrials.gov,NCT02158585,"Meniere's Disease; Ménière's Vertigo; Vertigo, Intermittent; Vertigo, Aural",Exclude,No acupuncture-family term anywhere in the registered protocol
ClinicalTrials.gov,NCT05157399,Dizziness; Vertigo; Vestibular Migraine; Vestibular Neuritis; Labyrinthitis,Exclude,No acupuncture-family term anywhere in the registered protocol
ClinicalTrials.gov,NCT06544434,Meniere Disease,Include,
ClinicalTrials.gov,NCT03587701,Autoimmune Inner Ear Disease; Meniere's Disease,Exclude,No acupuncture-family term anywhere in the registered protocol
ClinicalTrials.gov,NCT01080430,Vertigo,Exclude,No acupuncture-family term anywhere in the registered protocol
ClinicalTrials.gov,NCT05582837,Ménière,Exclude,No acupuncture-family term anywhere in the registered protocol
ClinicalTrials.gov,NCT02169830,Migraine Disorders,Exclude,No acupuncture-family term anywhere in the registered protocol
ClinicalTrials.gov,NCT02457455,Syncope; Arrest; Vertigo; Pain; Chronic Obstructive Pulmonary Disease; Hypertension; CAD,Exclude,No acupuncture-family term anywhere in the registered protocol
ClinicalTrials.gov,NCT05013684,Benign Paroxysmal Positional Vertigo,Exclude,No acupuncture-family term anywhere in the registered protocol
ClinicalTrials.gov,NCT06038175,"Stroke, Acute; Vertigo; Vertigo, Peripheral; Dizziness; Dizziness; Syndrome",Exclude,No acupuncture-family term anywhere in the registered protocol
ClinicalTrials.gov,NCT00275392,Dizziness,Exclude,No acupuncture-family term anywhere in the registered protocol
ClinicalTrials.gov,NCT03581331,Vestibular Schwannoma; Visual Impairment; Vestibular Meniere Syndrome,Exclude,No acupuncture-family term anywhere in the registered protocol
ClinicalTrials.gov,NCT00748059,Autonomic Nervous System Diseases; Orthostatic Hypotension; Dopamine Beta-Hydroxylase Deficiency; Orthostatic Intolerance,Exclude,No acupuncture-family term anywhere in the registered protocol
ClinicalTrials.gov,NCT00132223,Headache; Epilepsy; Dizziness,Exclude,No acupuncture-family term anywhere in the registered protocol
ClinicalTrials.gov,NCT01729767,Meniere's Disease,Exclude,No acupuncture-family term anywhere in the registered protocol
ClinicalTrials.gov,NCT00145483,Meniere's Disease,Exclude,No acupuncture-family term anywhere in the registered protocol
ClinicalTrials.gov,NCT07210840,Chronic Dizziness,Exclude,No acupuncture-family term anywhere in the registered protocol
ClinicalTrials.gov,NCT06663280,"Essential (Primary) Hypertension; Hypertensive Heart Disease With (Congestive) Heart Failure; Hypertensive Heart Disease Without (Congestive) Heart Failure; Other Secondary Hypertension; Secondary Hypertension, Unspecified; Syncope and Collapse; Dizziness and Giddiness",Exclude,No acupuncture-family term anywhere in the registered protocol
ClinicalTrials.gov,NCT04598113,Cervical Radiculopathy; Vertigo,Exclude,No acupuncture-family term anywhere in the registered protocol
ClinicalTrials.gov,NCT05424302,Peripheral Vestibular Disorder; Benign Paroxysmal Positional Vertigo; Meniere Disease; Vestibular Neuritis; Vestibular Neuronitis; Labyrinthitis; Herpes Zoster Oticus,Exclude,No acupuncture-family term anywhere in the registered protocol
ClinicalTrials.gov,NCT02475239,Benign Paroxysmal Positional Vertigo,Exclude,No acupuncture-family term anywhere in the registered protocol
ClinicalTrials.gov,NCT03829657,Symptomatic Neurogenic Orthostatic Hypotension; MSA; Parkinson's Disease (PD); Pure Autonomic Failure (PAF),Exclude,No acupuncture-family term anywhere in the registered protocol
ClinicalTrials.gov,NCT03219515,Dizziness Chronic,Exclude,No acupuncture-family term anywhere in the registered protocol
ClinicalTrials.gov,NCT03871413,BPPV,Exclude,No acupuncture-family term anywhere in the registered protocol
ClinicalTrials.gov,NCT05062915,Acute Vestibular Syndrome; Vertigo,Exclude,No acupuncture-family term anywhere in the registered protocol
ClinicalTrials.gov,NCT00000359,Vertigo,Exclude,No acupuncture-family term anywhere in the registered protocol
ClinicalTrials.gov,NCT05990023,Vestibular Function Disorder; Cognitive Decline; Dizziness; Vestibular Abnormality,Exclude,No acupuncture-family term anywhere in the registered protocol
ClinicalTrials.gov,NCT06625281,Dizziness; Benign Paroxysmal Positional Vertigo (BPPV),Exclude,No acupuncture-family term anywhere in the registered protocol
ClinicalTrials.gov,NCT04847700,Ménière,Exclude,No acupuncture-family term anywhere in the registered protocol
ClinicalTrials.gov,NCT04725279,Rehabilitation; Cervical Vertigo,Exclude,No acupuncture-family term anywhere in the registered protocol
ClinicalTrials.gov,NCT05365646,Hearing Loss; Dizziness; Vertigo; Fall Related Injury Risk; Fall Prevention; Imbalance; Speech Intelligibility,Exclude,No acupuncture-family term anywhere in the registered protocol
ClinicalTrials.gov,NCT02584361,Sensorineural Hearing Loss; Deafness; Hearing Loss,Exclude,No acupuncture-family term anywhere in the registered protocol
ClinicalTrials.gov,NCT01962883,Post Concussion Syndrome,Exclude,No acupuncture-family term anywhere in the registered protocol
ClinicalTrials.gov,NCT06704698,"Pain Syndrome; Dizziness; Vomiting; Itching; Sweet Syndrome; Cold; Satisfaction, Patient",Exclude,No acupuncture-family term anywhere in the registered protocol
ClinicalTrials.gov,NCT03639415,Cancer Pains,Exclude,No acupuncture-family term anywhere in the registered protocol
ClinicalTrials.gov,NCT04260568,Persistent Postural Perceptual Dizziness; Vestibular Disease; Chronic Dizziness,Exclude,No acupuncture-family term anywhere in the registered protocol
ClinicalTrials.gov,NCT03403400,Dizziness,Exclude,No acupuncture-family term anywhere in the registered protocol
ClinicalTrials.gov,NCT03029949,Chronic Dizziness,Exclude,No acupuncture-family term anywhere in the registered protocol
ClinicalTrials.gov,NCT03578354,Vestibular Migraine; Migraine Disorders; Vestibular Diseases,Exclude,No acupuncture-family term anywhere in the registered protocol
ClinicalTrials.gov,NCT07518069,Vertigo; Meniere's Disease; Vestibular Migraine,Exclude,No acupuncture-family term anywhere in the registered protocol
ClinicalTrials.gov,NCT05853562,Bilateral Vestibular Hypofunction,Exclude,No acupuncture-family term anywhere in the registered protocol
ClinicalTrials.gov,NCT05118659,Vertigo,Exclude,No acupuncture-family term anywhere in the registered protocol
ClinicalTrials.gov,NCT03521557,Multiple Sclerosis; Vertigo; Dizziness; Falls Injury,Exclude,No acupuncture-family term anywhere in the registered protocol
ClinicalTrials.gov,NCT06062368,Vertigo; Dizziness,Exclude,No acupuncture-family term anywhere in the registered protocol
ClinicalTrials.gov,NCT05115032,"Dizziness; Equilibrium; Disorder, Labyrinth; Inner Ear Injury; Inner Ear Disease",Exclude,No acupuncture-family term anywhere in the registered protocol
ClinicalTrials.gov,NCT06222450,Mild Traumatic Brain Injury; Dizziness,Exclude,No acupuncture-family term anywhere in the registered protocol
ClinicalTrials.gov,NCT03098589,Lymphoma,Exclude,No acupuncture-family term anywhere in the registered protocol
ClinicalTrials.gov,NCT03541018,Benign Paroxysmal Positional Vertigo,Exclude,No acupuncture-family term anywhere in the registered protocol
ClinicalTrials.gov,NCT03974464,"Vertigo, Peripheral; Vertigo, Brain Stem; Vertigo; Central; Vertigo; Cerebral",Exclude,No acupuncture-family term anywhere in the registered protocol
ClinicalTrials.gov,NCT06866587,Dizziness; Neck Pain; Elastography,Exclude,No acupuncture-family term anywhere in the registered protocol
ClinicalTrials.gov,NCT01822002,Benign Paroxysmal Positional Vertigo (BPPV),Exclude,No acupuncture-family term anywhere in the registered protocol
ClinicalTrials.gov,NCT02320851,Somatoform Vertigo/Dizziness,Exclude,No acupuncture-family term anywhere in the registered protocol
ClinicalTrials.gov,NCT01759251,Vertigo,Exclude,No acupuncture-family term anywhere in the registered protocol
ClinicalTrials.gov,NCT02945605,Brain Concussion,Exclude,No acupuncture-family term anywhere in the registered protocol
ClinicalTrials.gov,NCT04815187,Meniere Disease; Allergic Rhinitis; Vertigo,Exclude,No acupuncture-family term anywhere in the registered protocol
ClinicalTrials.gov,NCT07735078,Vestibular Dysfunction; Dizziness; Falls (Accidents) in Old Age; Balance Assessment; Cognitive Function Decline; Dual-Task Performance,Exclude,No acupuncture-family term anywhere in the registered protocol
ClinicalTrials.gov,NCT02640599,Vertigo; Concussion; Dizziness,Exclude,No acupuncture-family term anywhere in the registered protocol
ClinicalTrials.gov,NCT02612337,Meniere's Disease,Exclude,No acupuncture-family term anywhere in the registered protocol
ClinicalTrials.gov,NCT02080312,Meniere's Disease,Exclude,No acupuncture-family term anywhere in the registered protocol
ClinicalTrials.gov,NCT02733549,Dizziness,Exclude,No acupuncture-family term anywhere in the registered protocol
ClinicalTrials.gov,NCT03485768,Cervical Vertigo,Exclude,No acupuncture-family term anywhere in the registered protocol
ClinicalTrials.gov,NCT06634576,Ocular Motor Detectation; Vestibular; Cervicogenic Dizziness; Oculomotor System,Exclude,No acupuncture-family term anywhere in the registered protocol
ClinicalTrials.gov,NCT03441776,Vestibular Problem; Traumatic Brain Injury,Exclude,No acupuncture-family term anywhere in the registered protocol
ClinicalTrials.gov,NCT05309538,Benign Paroxysmal Positional Vertigo,Exclude,No acupuncture-family term anywhere in the registered protocol
ClinicalTrials.gov,NCT06010550,Dizziness; Vertigo,Exclude,No acupuncture-family term anywhere in the registered protocol
ClinicalTrials.gov,NCT07655440,Migraine Associated Vertigo; Tinnitus; Migraine; Vestibular Migraine,Exclude,No acupuncture-family term anywhere in the registered protocol
ClinicalTrials.gov,NCT07297355,Vestibular Disease; Vestibular Dysfunction,Exclude,No acupuncture-family term anywhere in the registered protocol
ClinicalTrials.gov,NCT05141734,"Positional Vertigo; Reflexes, Vestibo-Ocular; Nystagmus Vestibular",Exclude,No acupuncture-family term anywhere in the registered protocol
ClinicalTrials.gov,NCT06700252,Concussion,Exclude,No acupuncture-family term anywhere in the registered protocol
ClinicalTrials.gov,NCT00160238,Meniere's Disease,Exclude,No acupuncture-family term anywhere in the registered protocol
ClinicalTrials.gov,NCT02112578,"Vertigo, Peripheral",Exclude,No acupuncture-family term anywhere in the registered protocol
ClinicalTrials.gov,NCT05482828,Chronic Subjective Dizziness,Exclude,No acupuncture-family term anywhere in the registered protocol
ClinicalTrials.gov,NCT05676944,"Other Disorders of Vestibular Function, Bilateral; Bilateral Vestibular Deficiency (BVD); Gentamicin Ototoxicity; Labyrinth Diseases; Vestibular Diseases; Sensation Disorders; Bilateral Vestibular Hypofunction; Bilateral Vestibulopathy; Presbyvestibulopathy; Aminoglycoside Ototoxicity",Exclude,No acupuncture-family term anywhere in the registered protocol
ClinicalTrials.gov,NCT07348445,Hypotension; Orthostasis,Exclude,No acupuncture-family term anywhere in the registered protocol
ClinicalTrials.gov,NCT04626544,Dizziness; Neck Pain; Gait,Exclude,No acupuncture-family term anywhere in the registered protocol
ClinicalTrials.gov,NCT07000929,Migraine Disorders; Vertigo,Exclude,No acupuncture-family term anywhere in the registered protocol
ClinicalTrials.gov,NCT04766853,"Hearing Loss, Sudden; Hearing Loss, Ototoxic; Hearing Loss, Noise-Induced; Meniere Disease",Exclude,No acupuncture-family term anywhere in the registered protocol
ClinicalTrials.gov,NCT05021939,Vertigo,Exclude,No acupuncture-family term anywhere in the registered protocol
ClinicalTrials.gov,NCT02226536,Dysfunction of Vestibular System; Glucose Intolerance,Exclude,No acupuncture-family term anywhere in the registered protocol
ClinicalTrials.gov,NCT07778901,Vertigo; Vestibular Diseases,Exclude,No acupuncture-family term anywhere in the registered protocol
ClinicalTrials.gov,NCT02046980,Benign Paroxysmal Positional Vertigo,Exclude,No acupuncture-family term anywhere in the registered protocol
ClinicalTrials.gov,NCT07272473,Meniere Disease,Exclude,No acupuncture-family term anywhere in the registered protocol
ClinicalTrials.gov,NCT07608991,Dynamic Balance; Risk of Fall,Exclude,No acupuncture-family term anywhere in the registered protocol
ClinicalTrials.gov,NCT01969513,Benign Positional Paroxysmal Vertigo,Exclude,No acupuncture-family term anywhere in the registered protocol
ClinicalTrials.gov,NCT07053176,Cervicogenic Dizziness,Exclude,No acupuncture-family term anywhere in the registered protocol
ClinicalTrials.gov,NCT06293989,"Vertigo, Peripheral",Exclude,No acupuncture-family term anywhere in the registered protocol
ClinicalTrials.gov,NCT02825199,"Vertigo; Diseases, Vestibular; Caffeine",Exclude,No acupuncture-family term anywhere in the registered protocol
ClinicalTrials.gov,NCT06001593,Meniere's Disease,Exclude,No acupuncture-family term anywhere in the registered protocol
ClinicalTrials.gov,NCT02603081,Meniere's Disease,Exclude,No acupuncture-family term anywhere in the registered protocol
ClinicalTrials.gov,NCT01905800,Benign Paroxysmal Positional Vertigo,Exclude,No acupuncture-family term anywhere in the registered protocol
ClinicalTrials.gov,NCT06366542,Vestibular Dizziness,Exclude,No acupuncture-family term anywhere in the registered protocol
ClinicalTrials.gov,NCT05634902,BPPV; Vestibular Diseases; Vertigo; Dizziness,Exclude,No acupuncture-family term anywhere in the registered protocol
ClinicalTrials.gov,NCT02358239,Dizziness; Vertigo,Include,
ClinicalTrials.gov,NCT04331561,Motion Sickness; Vertigo; Dizziness; Fall,Exclude,No acupuncture-family term anywhere in the registered protocol
ClinicalTrials.gov,NCT05420350,"Meniere Disease; Ménière's Vertigo; Vertigo, Intermittent; Vertigo, Aural",Exclude,No acupuncture-family term anywhere in the registered protocol
ClinicalTrials.gov,NCT06303310,Vestibular Disorder,Exclude,No acupuncture-family term anywhere in the registered protocol
ClinicalTrials.gov,NCT01176240,Orthostatic Hypotension; Parkinson's Disease,Exclude,No acupuncture-family term anywhere in the registered protocol
ClinicalTrials.gov,NCT04890132,Vestibular Schwannoma; Inner Ear Disease; Dizziness; Neurofibromatosis 2; Vestibular Disorder,Exclude,No acupuncture-family term anywhere in the registered protocol
ClinicalTrials.gov,NCT05586763,Peripheral Vertigo,Exclude,No acupuncture-family term anywhere in the registered protocol
ClinicalTrials.gov,NCT06229730,"Children, Only; Vestibular Function",Exclude,No acupuncture-family term anywhere in the registered protocol
ClinicalTrials.gov,NCT02530931,Meniere's Disease,Exclude,No acupuncture-family term anywhere in the registered protocol
ClinicalTrials.gov,NCT02529475,Meniere Disease,Exclude,No acupuncture-family term anywhere in the registered protocol
ClinicalTrials.gov,NCT04771169,Vestibular Rehabilitation,Exclude,No acupuncture-family term anywhere in the registered protocol
ClinicalTrials.gov,NCT02483429,Vertigo; Dizziness,Exclude,No acupuncture-family term anywhere in the registered protocol
ClinicalTrials.gov,NCT04141891,Diabetic Retinopathy; Macular Degeneration; Glaucoma; Retinitis Pigmentosa; Vision Disorders; Acute Coronary Syndrome; Implantable Defibrillator User; Congestive Heart Failure; Hypertrophic Obstructive Cardiomyopathy; Orthostatic Hypotension; Syncope; Presyncope; Narcolepsy; Dementia; Multiple Sclerosis; Parkinson Disease; Brain Injuries; Spinal Cord Injuries; Stroke; Vertigo; Dizziness; Seizures; Substance Use; Insulin Dependent Diabetes Mellitus; Arthritis; Foot--Abnormalities; Chronic Obstructive Pulmonary Disease; Obstructive Sleep Apnea; End Stage Renal Disease; Sleep Apnea; Insomnia; Restless Legs Syndrome,Exclude,No acupuncture-family term anywhere in the registered protocol
ClinicalTrials.gov,NCT04842474,"Vertigo; Vertigo, Peripheral; Vertigo Labyrinthine; Migraine",Exclude,No acupuncture-family term anywhere in the registered protocol
ClinicalTrials.gov,NCT02652442,Dizziness,Exclude,No acupuncture-family term anywhere in the registered protocol
ClinicalTrials.gov,NCT06871280,COVID-19,Exclude,No acupuncture-family term anywhere in the registered protocol
ClinicalTrials.gov,NCT07420803,Chronic Dizziness; Persistent Postural Perceptual Dizziness,Exclude,No acupuncture-family term anywhere in the registered protocol
ClinicalTrials.gov,NCT05960786,Vertigo; BPPV; Meniere Disease; Labrynthitis; Vestibular Disorder; Vestibular Migraine; Benign Paroxysmal Positional Vertigo; Ménière&#39;s Vertigo; Migraine Associated Vertigo; Uncompensated Unilateral Vestibulopathy,Exclude,No acupuncture-family term anywhere in the registered protocol
ClinicalTrials.gov,NCT03618199,Vestibular Function Tests; Dizziness,Exclude,No acupuncture-family term anywhere in the registered protocol
ClinicalTrials.gov,NCT06314464,Brain Concussion; Vestibular Disorder; Cognition Disorder; Mild Traumatic Brain Injury,Exclude,No acupuncture-family term anywhere in the registered protocol
ClinicalTrials.gov,NCT05661487,Vertigo Labyrinthine,Exclude,No acupuncture-family term anywhere in the registered protocol
ClinicalTrials.gov,NCT03726112,Balance Disorders,Exclude,No acupuncture-family term anywhere in the registered protocol
ClinicalTrials.gov,NCT05328895,Meniere Disease,Exclude,No acupuncture-family term anywhere in the registered protocol
ClinicalTrials.gov,NCT05959967,Vestibular Disorder,Exclude,No acupuncture-family term anywhere in the registered protocol
ClinicalTrials.gov,NCT01693809,Healthy Subjects,Exclude,No acupuncture-family term anywhere in the registered protocol
ClinicalTrials.gov,NCT05708963,"Fatigue; Stress; Burnout, Professional; Musculoskeletal Pain; Back Pain; Neck Pain; Headache; Dizziness; Sleep Disturbance; Chest Pain; Syncope; Cardiovascular Diseases; Shortness of Breath; Gastrointestinal Diseases",Exclude,No acupuncture-family term anywhere in the registered protocol
ClinicalTrials.gov,NCT06019104,Peripheral Vestibular Disorders,Exclude,No acupuncture-family term anywhere in the registered protocol
ClinicalTrials.gov,NCT01669304,Vestibular Migraine; Chronic Subjective Dizziness,Exclude,No acupuncture-family term anywhere in the registered protocol
ClinicalTrials.gov,NCT05863949,"BPPV; Benign Paroxysmal Positional Vertigo; Vertigo; Vertigo, Peripheral; Dizziness; Dizziness; Epidemic; Vitamin D Deficiency; Calcium Deficiency",Exclude,No acupuncture-family term anywhere in the registered protocol
ClinicalTrials.gov,NCT01426932,Vertigo,Exclude,No acupuncture-family term anywhere in the registered protocol
ClinicalTrials.gov,NCT07203248,Vestibular Migraine; Dizziness; Vertigo,Exclude,No acupuncture-family term anywhere in the registered protocol
ClinicalTrials.gov,NCT01344408,Dysfunction of Vestibular System,Exclude,No acupuncture-family term anywhere in the registered protocol
ClinicalTrials.gov,NCT01280331,Postoperative Pain,Exclude,No acupuncture-family term anywhere in the registered protocol
ClinicalTrials.gov,NCT04939922,"Headache Disorders, Primary; Headache Disorders, Secondary; Migraine; Tension-Type Headache; Cluster Headache; Vertigo, Constant; Vestibular Migraine; Fibromyalgia",Exclude,No acupuncture-family term anywhere in the registered protocol
ClinicalTrials.gov,NCT06278129,Sudden Sensorineural Hearing Loss; Meniere Disease; Ménière's Vertigo; Meniere's Disease Aggravated; Inner Ear Disease,Exclude,No acupuncture-family term anywhere in the registered protocol
ClinicalTrials.gov,NCT02921828,Multiple Myeloma,Exclude,No acupuncture-family term anywhere in the registered protocol
ClinicalTrials.gov,NCT04677972,Meniere Disease; Ménière,Exclude,No acupuncture-family term anywhere in the registered protocol
ClinicalTrials.gov,NCT02939599,Pulmonary Arterial Hypertension,Exclude,No acupuncture-family term anywhere in the registered protocol
ClinicalTrials.gov,NCT03317353,Dizziness Chronic; Fall; Elderly,Exclude,No acupuncture-family term anywhere in the registered protocol
ClinicalTrials.gov,NCT00581477,Autonomic Nervous System Diseases; Orthostatic Hypotension; Dopamine Beta-Hydroxylase Deficiency; Orthostatic Intolerance,Exclude,No acupuncture-family term anywhere in the registered protocol
ClinicalTrials.gov,NCT04678167,Vestibular Neuritis,Exclude,No acupuncture-family term anywhere in the registered protocol
ClinicalTrials.gov,NCT04241822,Vestibular Disease; Musculoskeletal Pain; Rehabilitation,Exclude,No acupuncture-family term anywhere in the registered protocol
ClinicalTrials.gov,NCT04996225,Corona Virus Infection,Exclude,No acupuncture-family term anywhere in the registered protocol
ClinicalTrials.gov,NCT04578470,Benign Paroxysmal Positional Vertigo,Exclude,No acupuncture-family term anywhere in the registered protocol
ClinicalTrials.gov,NCT03624283,Vestibular Disorder,Exclude,No acupuncture-family term anywhere in the registered protocol
ClinicalTrials.gov,NCT07619469,Motion Sickness; Somatosensory Disorders; Dizziness,Exclude,No acupuncture-family term anywhere in the registered protocol
ClinicalTrials.gov,NCT00599560,Meniere Disease,Exclude,No acupuncture-family term anywhere in the registered protocol
ClinicalTrials.gov,NCT04226976,Dizziness; Nausea,Exclude,No acupuncture-family term anywhere in the registered protocol
ClinicalTrials.gov,NCT01216137,Multiple Sclerosis; Fatigue; Balance; Dizziness,Exclude,No acupuncture-family term anywhere in the registered protocol
ClinicalTrials.gov,NCT01950312,Autoimmune Inner Ear Disease,Exclude,No acupuncture-family term anywhere in the registered protocol
ClinicalTrials.gov,NCT03979677,Vestibular Migraine,Exclude,No acupuncture-family term anywhere in the registered protocol
ClinicalTrials.gov,NCT03291912,Cervicogenic Dizziness,Exclude,No acupuncture-family term anywhere in the registered protocol
ClinicalTrials.gov,NCT05846711,Benign Paroxysmal Positional Vertigo; BPPV; Vertigo; Vestibular Disorder; Vestibular Diseases; Labyrinth Diseases; Inner Ear Disease,Exclude,No acupuncture-family term anywhere in the registered protocol
ClinicalTrials.gov,NCT05710809,Colorectal Cancer; Oncologic Complications; Comprehensive Geriatric Assessment; Vestibular Rehabilitation; Geriatric Oncology; Sarcopenia; Vertigo; Cancer; Rehabilitation; Exercise; Geriatric; Elderly; Frail; Older Adults; Chemotherapy; Chemotherapy-induced Peripheral Neuropathy; Resistance Training; Balance Training; Postural Stability; Pragmatic Trial; Personal Medicine; Individualised,Exclude,No acupuncture-family term anywhere in the registered protocol
ClinicalTrials.gov,NCT05986279,Vestibular Hypofunction,Exclude,No acupuncture-family term anywhere in the registered protocol
ClinicalTrials.gov,NCT05127694,Benign Paroxysmal Positional Vertigo; Balance; Distorted; Vestibular Disorder; Dizziness,Exclude,No acupuncture-family term anywhere in the registered protocol
ClinicalTrials.gov,NCT05196685,Vertigo; Carotid Artery Diseases,Exclude,No acupuncture-family term anywhere in the registered protocol
ClinicalTrials.gov,NCT07555873,Cervicogenic Headache; Dizziness; Neck Pain Musculoskeletal; Cervicocranial Dysfunction,Exclude,No acupuncture-family term anywhere in the registered protocol
ClinicalTrials.gov,NCT05938517,Ménière's Disease,Exclude,No acupuncture-family term anywhere in the registered protocol
ClinicalTrials.gov,NCT06748664,Vestibular Migraine; Adults 18 Years and Older (no Other Exclusion Criteria),Exclude,No acupuncture-family term anywhere in the registered protocol
ClinicalTrials.gov,NCT01454726,Meniere's Disease,Exclude,No acupuncture-family term anywhere in the registered protocol
ClinicalTrials.gov,NCT05516017,"Vertigo, Peripheral",Exclude,No acupuncture-family term anywhere in the registered protocol
ClinicalTrials.gov,NCT05649891,Shortness of Breath; Chest Pain; Abdominal Pain; Altered Mental Status; Syncope; Seizures; Vertigo; Trauma; Allergic Reaction; Fever; Cardiac Arrest; Asthma Acute; COPD Exacerbation Acute; Pneumonia; Pulmonary Edema - Acute; Bradycardia; Tachycardia; Shock; Burns; Poisoning; Diabetic Ketoacidosis; Hyperglycemic Hyperosmolar Nonketotic Syndrome,Exclude,No acupuncture-family term anywhere in the registered protocol
ClinicalTrials.gov,NCT03664674,Meniere Disease,Exclude,No acupuncture-family term anywhere in the registered protocol
ClinicalTrials.gov,NCT07435090,Dizziness,Exclude,No acupuncture-family term anywhere in the registered protocol
ClinicalTrials.gov,NCT05396482,Vestibular Migraine,Exclude,No acupuncture-family term anywhere in the registered protocol
ClinicalTrials.gov,NCT03425786,Benign Paroxysmal Positional Vertigo,Exclude,No acupuncture-family term anywhere in the registered protocol
ClinicalTrials.gov,NCT01529151,Vertigo; Dizziness; Benign Paroxysmal Positional Vertigo; Labyrinthitis,Exclude,No acupuncture-family term anywhere in the registered protocol
ClinicalTrials.gov,NCT06334796,Stroke; Guillain-Barre Syndrome; Facial Palsy; Migraine; Status Epilepticus; Vertigo Benign Positional; Delirium; Trigeminal Neuralgia; Meningitis; Subarachnoid Hemorrhage,Exclude,No acupuncture-family term anywhere in the registered protocol
ClinicalTrials.gov,NCT06936345,BPPV; Residual Disease; Vestibular Disease,Exclude,No acupuncture-family term anywhere in the registered protocol
ClinicalTrials.gov,NCT07421973,Vertigo; Dizziness; TIA (Transient Ischemic Attack); Transient Neurologic Symptoms,Exclude,No acupuncture-family term anywhere in the registered protocol
ClinicalTrials.gov,NCT05748249,Benign Paroxysmal Positional Vertigo; Vitamin D; Antioxidants,Exclude,No acupuncture-family term anywhere in the registered protocol
ClinicalTrials.gov,NCT02866084,Headache,Exclude,No acupuncture-family term anywhere in the registered protocol
ClinicalTrials.gov,NCT04196933,Migraine; Vestibular Migraine; Vestibular Schwannoma; Motion Sickness; Dizziness; Vestibular Disorder,Exclude,No acupuncture-family term anywhere in the registered protocol
ClinicalTrials.gov,NCT06245967,"Trauma, Head; Headaches Posttraumatic; Dizziness; Brain Concussion; Frequency Specific Microcurrent Therapy",Exclude,No acupuncture-family term anywhere in the registered protocol
ClinicalTrials.gov,NCT06765993,Meniere´s Disease,Exclude,No acupuncture-family term anywhere in the registered protocol
ClinicalTrials.gov,NCT06110325,Older Adults; Accidental Falls; Prevention; Exercise,Exclude,No acupuncture-family term anywhere in the registered protocol
ClinicalTrials.gov,NCT07796633,Definite Vestibular Migraine; Migraine,Exclude,No acupuncture-family term anywhere in the registered protocol
ClinicalTrials.gov,NCT04664088,Vestibular Migraine,Include,
ClinicalTrials.gov,NCT01099046,Meniere's Disease; Stress,Exclude,No acupuncture-family term anywhere in the registered protocol
ClinicalTrials.gov,NCT05166473,Benign Paroxysmal Vertigo,Exclude,No acupuncture-family term anywhere in the registered protocol
ClinicalTrials.gov,NCT07787559,Benign Paroxysmal Positional Vertigo (BPPV),Exclude,No acupuncture-family term anywhere in the registered protocol
ClinicalTrials.gov,NCT05418218,"Headache Disorders, Primary; Headache Disorders, Secondary; Migraine; Tension-Type Headache; Vertigo; Vestibular Migraine; Fibromyalgia",Exclude,No acupuncture-family term anywhere in the registered protocol
ClinicalTrials.gov,NCT07374640,Persistent Postural Perceptual Dizziness; Vestibular Migraine; Chronic Dizziness,Exclude,No acupuncture-family term anywhere in the registered protocol
ClinicalTrials.gov,NCT06267924,Vestibular Migraine; Migraine Associated Vertigo,Exclude,No acupuncture-family term anywhere in the registered protocol
ClinicalTrials.gov,NCT02768662,Meniere's Disease,Exclude,No acupuncture-family term anywhere in the registered protocol
ClinicalTrials.gov,NCT07722026,Suspected Arrhythmia; Palpitations; Dizziness; Cryptogenic Ischemic Stroke; Transient Ischemic Attack,Exclude,No acupuncture-family term anywhere in the registered protocol
ClinicalTrials.gov,NCT06495138,Multiple Sclerosis,Exclude,No acupuncture-family term anywhere in the registered protocol
ClinicalTrials.gov,NCT05322538,Meniere Disease; Osteoporosis; Osteopenia; Vitamin D Deficiency; Vestibular Disorder,Exclude,No acupuncture-family term anywhere in the registered protocol
ClinicalTrials.gov,NCT07238387,Vertigo; Vestibular Disorder; Nystagmus,Exclude,No acupuncture-family term anywhere in the registered protocol
ClinicalTrials.gov,NCT04849182,Benign Paroxysmal Positional Vertigo (BPPV),Exclude,No acupuncture-family term anywhere in the registered protocol
ClinicalTrials.gov,NCT04859335,Vestibular Schwannoma,Exclude,No acupuncture-family term anywhere in the registered protocol
ClinicalTrials.gov,NCT04806282,Meniere's Disease; Enlarged Vestibular Aqueduct Syndrome; Autoimmune Inner Ear Disease,Exclude,No acupuncture-family term anywhere in the registered protocol
ClinicalTrials.gov,NCT03020654,Treatment of Visual Vertigo,Exclude,No acupuncture-family term anywhere in the registered protocol
ClinicalTrials.gov,NCT03531619,Dizziness; Vertigo; Neck Pain,Exclude,No acupuncture-family term anywhere in the registered protocol
ClinicalTrials.gov,NCT03543293,Perilymphatic Fistulas,Exclude,No acupuncture-family term anywhere in the registered protocol
ClinicalTrials.gov,NCT06005909,Multiple Sclerosis,Exclude,No acupuncture-family term anywhere in the registered protocol
ClinicalTrials.gov,NCT04095793,Symptomatic Neurogenic Orthostatic Hypotension,Exclude,No acupuncture-family term anywhere in the registered protocol
ClinicalTrials.gov,NCT02098330,Vestibular Neuritis,Exclude,No acupuncture-family term anywhere in the registered protocol
ClinicalTrials.gov,NCT02706730,Meniere's Disease,Exclude,No acupuncture-family term anywhere in the registered protocol
ClinicalTrials.gov,NCT04070664,"Vertigo, Peripheral; Vertigo, Central Origin; Oxidative Stress; Diagnosis",Exclude,No acupuncture-family term anywhere in the registered protocol
ClinicalTrials.gov,NCT00305799,"Neurotoxicity; Unspecified Adult Solid Tumor, Protocol Specific",Exclude,No acupuncture-family term anywhere in the registered protocol
ClinicalTrials.gov,NCT07075289,Benign Paroxysmal Positional Vertigo (Disorder),Exclude,No acupuncture-family term anywhere in the registered protocol
ClinicalTrials.gov,NCT04347148,Cervicogenic Dizziness; Rehabilitation,Exclude,No acupuncture-family term anywhere in the registered protocol
ClinicalTrials.gov,NCT04621578,Transcutaneous Electrical Acupoint Stimulation; Hemifacial Spasm; Dizziness,Include,
ClinicalTrials.gov,NCT07749573,Vertigo Benign Positional; Dizziness,Exclude,No acupuncture-family term anywhere in the registered protocol
ClinicalTrials.gov,NCT07587554,Vestibular Dysfunction; Vestibular Diseases; Vertigo; Dizziness; Balance; Exercise Therapy; Virtual Reality,Exclude,No acupuncture-family term anywhere in the registered protocol
ClinicalTrials.gov,NCT02533739,Vestibular Diseases; Vertigo,Exclude,No acupuncture-family term anywhere in the registered protocol
ClinicalTrials.gov,NCT04268745,"Dizziness Chronic; Vertigo, Peripheral; Fall",Exclude,No acupuncture-family term anywhere in the registered protocol
ClinicalTrials.gov,NCT04905472,"Vestibular Disorder; Vestibular Ataxia; Vestibular Loss, Bilateral",Exclude,No acupuncture-family term anywhere in the registered protocol
ClinicalTrials.gov,NCT04686695,Meniere Disease,Exclude,No acupuncture-family term anywhere in the registered protocol
ClinicalTrials.gov,NCT05613634,Peripheral Vestibular Dysfunction,Exclude,No acupuncture-family term anywhere in the registered protocol
ClinicalTrials.gov,NCT02725463,"Other Disorders of Vestibular Function, Bilateral; Bilateral Vestibular Deficiency (BVD); Gentamicin Ototoxicity; Labyrinth Diseases; Vestibular Diseases; Sensation Disorders",Exclude,No acupuncture-family term anywhere in the registered protocol
ClinicalTrials.gov,NCT06528899,Fall Patients; Pain; Sprains; Respiratory Insufficiency; Vertigo; Illness Behavior,Exclude,No acupuncture-family term anywhere in the registered protocol
ClinicalTrials.gov,NCT05508139,Vestibular Migraine,Exclude,No acupuncture-family term anywhere in the registered protocol
ClinicalTrials.gov,NCT06500611,Post Stroke,Exclude,No acupuncture-family term anywhere in the registered protocol
ClinicalTrials.gov,NCT05221892,Vertigo,Exclude,No acupuncture-family term anywhere in the registered protocol
ClinicalTrials.gov,NCT06515951,Vertigo,Exclude,No acupuncture-family term anywhere in the registered protocol
ClinicalTrials.gov,NCT02655575,Dizziness; Vertigo; Vestibular Neuritis,Exclude,No acupuncture-family term anywhere in the registered protocol
ClinicalTrials.gov,NCT00901953,Migraine Disorders; Migraine Variant; Episodic Recurrent Vertigo,Exclude,No acupuncture-family term anywhere in the registered protocol
ChiCTR,ChiCTR2600131844,颈肩痛、腰背痛、僵硬；放射痛；头晕、眩晕；手指麻木；上肢无力、握力下降；下肢发沉、无力；走路踩棉感；大小便障碍,Exclude,"Registered study type is 观察性研究, not an interventional design"
ChiCTR,ChiCTR2600130924,良性阵发性位置性眩晕,Exclude,"Registered study type is 观察性研究, not an interventional design"
ChiCTR,ChiCTR2600130084,良性阵发性位置性眩晕,Exclude,"Registered study type is 观察性研究, not an interventional design"
ChiCTR,ChiCTR2600129972,眩晕、前庭神经炎、脑卒中,Exclude,"Registered study type is 诊断试验, not an interventional design"
ChiCTR,ChiCTR2600129448,良性阵发性位置性眩晕,Include,
ChiCTR,ChiCTR2600127103,"头晕/头痛患者（前庭性偏头痛VM、偏头痛Mig、良性阵发性位置性眩晕BPPV、良性阵发性眩晕BRV、梅尼埃病MD、入组前3月发作频次至少每月1次）、前庭神经炎VN,",Exclude,"Registered study type is 观察性研究, not an interventional design"
ChiCTR,ChiCTR2600127063,内耳疾病，包括但不限于突发性聋，耳鸣，梅尼埃病，良性阵发性位置性眩晕,Exclude,"Registered study type is 观察性研究, not an interventional design"
ChiCTR,ChiCTR2600126891,头晕和眩晕,Exclude,"Registered study type is 观察性研究, not an interventional design"
ChiCTR,ChiCTR2600125338,脑卒中:突发的对侧肢体麻木、力弱、感觉障碍、单眼黑矇、眩晕、复视、双眼黑矇、共济障碍等,Exclude,Registered intervention names no acupuncture-family modality (no term in the acupuncture word list matches the title or the registered intervention field)
ChiCTR,ChiCTR2600125183,中枢性与外周性眩晕,Exclude,"Registered study type is 观察性研究, not an interventional design"
ChiCTR,ChiCTR2600123511,良性阵发性位置性眩晕,Exclude,Registered intervention names no acupuncture-family modality (no term in the acupuncture word list matches the title or the registered intervention field)
ChiCTR,ChiCTR2600121134,耳源性眩晕,Exclude,"Registered study type is 观察性研究, not an interventional design"
ChiCTR,ChiCTR2600119785,急性前庭综合征（AVS）（包含梅尼埃病、前庭神经炎、突发耳聋伴眩晕）,Exclude,Registered intervention names no acupuncture-family modality (no term in the acupuncture word list matches the title or the registered intervention field)
ChiCTR,ChiCTR2600117651,良性阵发性位置性眩晕,Exclude,"Registered study type is 观察性研究, not an interventional design"
ChiCTR,ChiCTR2600116577,良性阵发性位置性眩晕；睡眠障碍,Exclude,"Registered study type is 观察性研究, not an interventional design"
ChiCTR,ChiCTR2500115373,眩晕,Exclude,"Registered study type is 观察性研究, not an interventional design"
ChiCTR,ChiCTR2500109314,眩晕恶心,Exclude,Registered intervention names no acupuncture-family modality (no term in the acupuncture word list matches the title or the registered intervention field)
ChiCTR,ChiCTR2500109126,良性阵发性位置性眩晕,Exclude,Registered intervention names no acupuncture-family modality (no term in the acupuncture word list matches the title or the registered intervention field)
ChiCTR,ChiCTR2500108619,良性阵发性位置性眩晕,Exclude,"Registered study type is 观察性研究, not an interventional design"
ChiCTR,ChiCTR2500107729,良性阵发性位置性眩晕(BPPV),Exclude,"Registered study type is 观察性研究, not an interventional design"
ChiCTR,ChiCTR2500107253,椎-基底动脉延长扩张综合征(VBD)是一种以椎基底动脉异常迂曲、扩张为特征的脑血管病变，主要临床表现为后循环缺血症状（如头晕、眩晕、共济失调）、脑神经压迫症状（如三叉神经痛、面肌痉挛）以及脑出血等严重并发症。该病变可通过高分辨率磁共振血管成像(HR-VWI)明确诊断，典型影像学特征包括基底动脉直径>4.5mm、血管明显迂曲偏移等。本研究将重点探讨VBD在健康体检人群中的检出率及其相关影像学特征。,Exclude,"Registered study type is 观察性研究, not an interventional design"
ChiCTR,ChiCTR2500107252,中枢性眩晕患者若存在脑毛细血管反应性损伤（如小血管病、慢性脑缺血），症状表现为持续数小时的非旋转性眩晕（漂浮感、失衡感），与体位无关，常伴垂直/凝视性眼震（头脉冲试验阴性）。微循环障碍可致步态不稳（黏胶步态）、短暂肢体麻木无力、执行功能下降（注意力分散、计划困难）；严重时出现脑干/小脑缺血症状（构音障碍、交叉性感觉障碍）。血脑屏障破坏可引发晨起头痛、血压波动性认知障碍。后循环TIA或遗传性小血管病,Exclude,"Registered study type is 观察性研究, not an interventional design"
ChiCTR,ChiCTR2500106836,睡眠障碍、眩晕及焦虑,Exclude,Registered intervention names no acupuncture-family modality (no term in the acupuncture word list matches the title or the registered intervention field)
ChiCTR,ChiCTR2500101308,良性阵发性位置性眩晕,Exclude,Registered intervention names no acupuncture-family modality (no term in the acupuncture word list matches the title or the registered intervention field)
ChiCTR,ChiCTR2500101235,耳源性眩晕疾病,Exclude,"Registered study type is 诊断试验, not an interventional design"
ChiCTR,ChiCTR2500099133,良性阵发性位置性眩晕,Exclude,"Registered study type is 观察性研究, not an interventional design"
ChiCTR,ChiCTR2500097231,良性阵发性位置性眩晕,Exclude,Registered intervention names no acupuncture-family modality (no term in the acupuncture word list matches the title or the registered intervention field)
ChiCTR,ChiCTR2400094096,前庭神经炎：急性眩晕、恶心、呕吐、平衡障碍,Exclude,"Registered study type is 诊断试验, not an interventional design"
ChiCTR,ChiCTR2400094067,良性阵发性位置性眩晕,Exclude,"Registered study type is 观察性研究, not an interventional design"
ChiCTR,ChiCTR2400091397,突发感音神经性耳聋；睡眠障碍；耳鸣；耳闷；眩晕,Exclude,Registered intervention names no acupuncture-family modality (no term in the acupuncture word list matches the title or the registered intervention field)
ChiCTR,ChiCTR2400089706,高血压眩晕,Exclude,Registered intervention names no acupuncture-family modality (no term in the acupuncture word list matches the title or the registered intervention field)
ChiCTR,ChiCTR2400089341,眩晕疾病,Exclude,"Registered study type is 观察性研究, not an interventional design"
ChiCTR,ChiCTR2400088618,良性阵发性位置性眩晕,Exclude,Registered intervention names no acupuncture-family modality (no term in the acupuncture word list matches the title or the registered intervention field)
ChiCTR,ChiCTR2400087030,后循环缺血性卒中伴眩晕,Include,
ChiCTR,ChiCTR2400086666,颈性眩晕,Include,
ChiCTR,ChiCTR2400084182,良性阵发性位置性眩晕,Exclude,"Registered study type is 观察性研究, not an interventional design"
ChiCTR,ChiCTR2400081857,颈性眩晕,Include,
ChiCTR,ChiCTR2400081036,头晕或眩晕；脑梗死；脑出血；前庭神经炎；良性阵发性位置性眩晕；梅尼埃病等,Exclude,"Registered study type is 诊断试验, not an interventional design"
ChiCTR,ChiCTR2400080905,良性阵发性位置性眩晕,Exclude,"Registered study type is 观察性研究, not an interventional design"
ChiCTR,ChiCTR2400080759,颈性眩晕,Include,
ChiCTR,ChiCTR2400080302,良性阵发性位置性眩晕,Exclude,"Registered study type is 诊断试验, not an interventional design"
ChiCTR,ChiCTR2400080250,西医诊断符合《中国急性缺血性脑卒中诊治指南2018》［2］中的脑梗死诊断标准： ①进行起病； ②局灶性神经功能缺损，少数为全面神经功能缺损； ③影像学出现责任病灶或症状/体征持续24h以上； ④排除非血管性病因； ⑤脑CT/MRI排除脑出血。 中风病中医诊断标准 主要症状：偏瘫、神识昏蒙，言语謇涩或不语，偏身感觉异常，口舌歪斜。 次要症状：头痛，眩晕，瞳神变化，饮水发呛，目偏不瞬，,Exclude,Registered intervention names no acupuncture-family modality (no term in the acupuncture word list matches the title or the registered intervention field)
ChiCTR,ChiCTR2400080128,盐酸倍他司汀片用于治疗梅尼埃综合症相关的眩晕，耳鸣和听力下降,Exclude,"Registered study type is 观察性研究, not an interventional design"
ChiCTR,ChiCTR2400080039,良性阵发性位置性眩晕,Exclude,Registered intervention names no acupuncture-family modality (no term in the acupuncture word list matches the title or the registered intervention field)
ChiCTR,ChiCTR2400079976,眩晕,Exclude,"Registered study type is 观察性研究, not an interventional design"
ChiCTR,ChiCTR2300079281,特发性耳石症手法复位后残余眩晕症状,Include,
ChiCTR,ChiCTR2300078232,周围性眩晕[良性阵发性位置性眩晕(BPPV)、梅尼埃病、前庭神经炎],Exclude,Registered intervention names no acupuncture-family modality (no term in the acupuncture word list matches the title or the registered intervention field)
ChiCTR,ChiCTR2300077782,后循环缺血性眩晕,Exclude,Registered intervention names no acupuncture-family modality (no term in the acupuncture word list matches the title or the registered intervention field)
ChiCTR,ChiCTR2300076755,良性阵发性位置性眩晕,Exclude,Registered intervention names no acupuncture-family modality (no term in the acupuncture word list matches the title or the registered intervention field)
ChiCTR,ChiCTR2300076015,良性阵发性位置性眩晕手法复位后残余头晕,Include,
ChiCTR,ChiCTR2300075144,颈性眩晕,Exclude,Registered intervention names no acupuncture-family modality (no term in the acupuncture word list matches the title or the registered intervention field)
ChiCTR,ChiCTR2300074551,外周性眩晕,Include,
ChiCTR,ChiCTR2300073506,眩晕,Exclude,"Registered study type is 病因学/相关因素研究, not an interventional design"
ChiCTR,ChiCTR2300073176,良性阵发性位置性眩晕,Include,
ChiCTR,ChiCTR2300072214,良性阵发性位置性眩晕,Exclude,"Registered study type is 病因学/相关因素研究, not an interventional design"
ChiCTR,ChiCTR2200056229,颈源性眩晕,Include,
ChiCTR,ChiCTR2200056186,后半规管良性发作性位置性眩晕,Exclude,Registered intervention names no acupuncture-family modality (no term in the acupuncture word list matches the title or the registered intervention field)
ChiCTR,ChiCTR2200055867,后循环缺血眩晕,Include,
ChiCTR,ChiCTR2100052236,眩晕,Exclude,"Registered study type is 观察性研究, not an interventional design"
ChiCTR,ChiCTR2100051942,寰枢关节脱臼引起的颈性眩晕,Exclude,Registered intervention names no acupuncture-family modality (no term in the acupuncture word list matches the title or the registered intervention field)
ChiCTR,ChiCTR2100051753,后循环缺血性眩晕,Include,
ChiCTR,ChiCTR2100049414,前庭周围性眩晕缓解期,Exclude,Registered intervention names no acupuncture-family modality (no term in the acupuncture word list matches the title or the registered intervention field)
ChiCTR,ChiCTR2100049073,良性阵发性位置性眩晕,Exclude,Registered intervention names no acupuncture-family modality (no term in the acupuncture word list matches the title or the registered intervention field)
ChiCTR,ChiCTR2100048733,颈性眩晕,Exclude,Registered intervention names no acupuncture-family modality (no term in the acupuncture word list matches the title or the registered intervention field)
ChiCTR,ChiCTR2100048603,良性阵发性位置性眩晕,Exclude,Registered intervention names no acupuncture-family modality (no term in the acupuncture word list matches the title or the registered intervention field)
ChiCTR,ChiCTR2100048001,眩晕,Exclude,Registered intervention names no acupuncture-family modality (no term in the acupuncture word list matches the title or the registered intervention field)
ChiCTR,ChiCTR2100047162,前庭性眩晕急性发作,Include,
ChiCTR,ChiCTR2100045921,良性阵发性位置性眩晕,Exclude,Registered intervention names no acupuncture-family modality (no term in the acupuncture word list matches the title or the registered intervention field)
ChiCTR,ChiCTR2000039716,颈源性眩晕,Include,
ChiCTR,ChiCTR2000037496,头晕/眩晕/失衡,Exclude,"Registered study type is 观察性研究, not an interventional design"
ChiCTR,ChiCTR2000036713,颈性眩晕,Include,
ChiCTR,ChiCTR2000036131,良性阵发性位置性眩晕,Exclude,"Registered study type is 观察性研究, not an interventional design"
ChiCTR,ChiCTR2000035779,眩晕,Exclude,"Registered study type is 观察性研究, not an interventional design"
ChiCTR,ChiCTR2000035696,良性阵发性位置性眩晕,Exclude,Registered intervention names no acupuncture-family modality (no term in the acupuncture word list matches the title or the registered intervention field)
ChiCTR,ChiCTR2000032904,耳源性眩晕,Exclude,"Registered study type is 观察性研究, not an interventional design"
ChiCTR,ChiCTR2000031262,良性阵发性位置性眩晕，前庭偏头痛,Exclude,"Registered study type is 观察性研究, not an interventional design"
ChiCTR,ChiCTR1900028376,眩晕症,Exclude,"Registered study type is 观察性研究, not an interventional design"
ChiCTR,ChiCTR1900027209,耳源性眩晕,Exclude,Registered intervention names no acupuncture-family modality (no term in the acupuncture word list matches the title or the registered intervention field)
ChiCTR,ChiCTR1900023251,突发性耳聋，良性阵发性位置性眩晕,Exclude,"Registered study type is 基础科学研究, not an interventional design"
ChiCTR,ChiCTR1900020863,眩晕症,Exclude,Registered intervention names no acupuncture-family modality (no term in the acupuncture word list matches the title or the registered intervention field)
ChiCTR,ChiCTR1900020572,脑动脉硬化症所致的眩晕（血瘀证）,Exclude,Registered intervention names no acupuncture-family modality (no term in the acupuncture word list matches the title or the registered intervention field)
ChiCTR,ChiCTR1800019392,良性阵发性位置性眩晕,Exclude,"Registered study type is 病因学/相关因素研究, not an interventional design"
ChiCTR,ChiCTR1800019155,特发性突聋伴眩晕,Exclude,"Registered study type is 观察性研究, not an interventional design"
ChiCTR,ChiCTR1800018004,良性阵发性位置性眩晕,Exclude,"Registered study type is 基础科学研究, not an interventional design"
ChiCTR,ChiCTR1800017328,良性阵发性位置性眩晕,Exclude,Registered intervention names no acupuncture-family modality (no term in the acupuncture word list matches the title or the registered intervention field)
ChiCTR,ChiCTR1800015870,Vertigo,Exclude,"Registered study type is 诊断试验, not an interventional design"
ChiCTR,ChiCTR1800015432,良性阵发性位置性眩晕,Exclude,"Registered study type is 病因学/相关因素研究, not an interventional design"
ChiCTR,ChiCTR1800014262,眩晕急性发作期（风痰上扰证）,Exclude,Registered intervention names no acupuncture-family modality (no term in the acupuncture word list matches the title or the registered intervention field)
ChiCTR,ChiCTR-IIR-17014006,眩晕,Exclude,Registered intervention names no acupuncture-family modality (no term in the acupuncture word list matches the title or the registered intervention field)
ChiCTR,ChiCTR-COC-17013047,青年型良性阵发性位置性眩晕,Exclude,"Registered study type is 病因学/相关因素研究, not an interventional design"
ChiCTR,ChiCTR-DDD-17012031,颈性眩晕,Exclude,"Registered study type is 诊断试验, not an interventional design"
ChiCTR,ChiCTR-INR-17011459,耳鸣；耳聋；眩晕,Exclude,Registered intervention names no acupuncture-family modality (no term in the acupuncture word list matches the title or the registered intervention field)
ChiCTR,ChiCTR-IOR-17010506,良性阵发性位置性眩晕,Exclude,Registered intervention names no acupuncture-family modality (no term in the acupuncture word list matches the title or the registered intervention field)
ChiCTR,ChiCTR-IOR-16009919,颈性眩晕,Include,
ChiCTR,ChiCTR-ION-16009815,颈性眩晕,Exclude,Registered intervention names no acupuncture-family modality (no term in the acupuncture word list matches the title or the registered intervention field)
ChiCTR,ChiCTR-DOD-16009779,眩晕,Exclude,"Registered study type is 诊断试验, not an interventional design"
ChiCTR,ChiCTR-IOR-16009498,良性阵发性位置性眩晕,Exclude,Registered intervention names no acupuncture-family modality (no term in the acupuncture word list matches the title or the registered intervention field)
ChiCTR,ChiCTR-DCD-15006540,眩晕,Exclude,"Registered study type is 诊断试验, not an interventional design"
ChiCTR,ChiCTR-CCC-10000761,中枢性血管性眩晕/头晕,Exclude,"Registered study type is 病因学/相关因素研究, not an interventional design"
ChiCTR,ChiCTR-OCC-10000760,缺血性脑梗死与眩晕,Exclude,"Registered study type is 病因学/相关因素研究, not an interventional design"
ChiCTR,ChiCTR-IPR-14005600,良性阵发性位置性眩晕,Exclude,Registered intervention names no acupuncture-family modality (no term in the acupuncture word list matches the title or the registered intervention field)
ChiCTR,ChiCTR-ONRC-13003186,颈源性眩晕/头晕,Exclude,"Registered study type is 观察性研究, not an interventional design"
ChiCTR,ChiCTR2600131653,前庭性偏头痛；可能的前庭性偏头痛；梅尼埃病；持续性姿势-感知性头晕；复发性前庭症状－未明确分类,Exclude,"Registered study type is 观察性研究, not an interventional design"
ChiCTR,ChiCTR2600129381,原发性高血压伴颈动脉粥样硬化斑块，颈动脉斑块存在不稳定性超声特征即易损斑块，头晕乏力或伴有伴一侧肢体偏瘫,Exclude,"Registered study type is 观察性研究, not an interventional design"
ChiCTR,ChiCTR2600129122,焦虑，头晕，头痛，失眠，记忆减退,Exclude,Registered intervention names no acupuncture-family modality (no term in the acupuncture word list matches the title or the registered intervention field)
ChiCTR,ChiCTR2600128872,广泛性焦虑障碍（特征为泛化且持续的焦虑，不局限于甚至不是主要见于任何特定的外部环境，“自由浮动”。以下主诉常见:总感到神经紧张、发抖、肌肉紧张、出汗、头重脚轻、心悸、头晕、上腹不适。病人常诉及自己或亲人很快会有疾病或灾祸临头，病程不定，但趋于波动并成为慢性。,Exclude,"Registered study type is 观察性研究, not an interventional design"
ChiCTR,ChiCTR2600127544,广泛性焦虑障碍（特征为泛化且持续的焦虑，不局限于甚至不是主要见于任何特定的外部环境，“自由浮动”。以下主诉常见:总感到神经紧张、发抖、肌肉紧张、出汗、头重脚轻、心悸、头晕、上腹不适。病程不定，但趋于波动并成为慢性。,Exclude,"Registered study type is 观察性研究, not an interventional design"
ChiCTR,ChiCTR2600127102,需行24小时动态心电图监测的各种心律失常及心脏电活动异常，如心悸、头晕、晕厥、已知心脏病需评估者。,Exclude,"Registered study type is 观察性研究, not an interventional design"
ChiCTR,ChiCTR2600126135,头晕,Exclude,"Registered study type is 观察性研究, not an interventional design"
ChiCTR,ChiCTR2600122668,重性抑郁障碍共病持续性姿势-知觉性头晕,Exclude,Registered intervention names no acupuncture-family modality (no term in the acupuncture word list matches the title or the registered intervention field)
ChiCTR,ChiCTR2500115740,皮肤及软组织感染：皮肤出现红肿、疼痛的脓疱、蜂窝织炎，形成脓肿，可伴有波动感、破溃流脓，严重时出现坏死性筋膜炎，表现为皮肤发黑、剧痛、全身高热；肺部感染：突发高热、寒战、咳嗽，咳黄脓痰或血痰，出现胸闷、呼吸困难，甚至呼吸衰竭，胸部影像学可见多发肺部浸润影或脓肿；中枢神经系统感染：剧烈头痛、呕吐、颈项强直，高热、意识模糊、嗜睡甚至昏迷，可出现癫痫发作；血流感染：持续高热、寒战，体温可超过39℃，头晕,Exclude,"Registered study type is 观察性研究, not an interventional design"
ChiCTR,ChiCTR2500112325,急性高原病，症状包括：头痛、恶心、呕吐、疲劳和头晕等； 干眼；色觉敏感度下降,Exclude,"Registered study type is 观察性研究, not an interventional design"
ChiCTR,ChiCTR2500108729,老年内在能力下降导致的一系列症状：如头晕、低血压、睡眠障碍、步态不稳等,Exclude,Registered intervention names no acupuncture-family modality (no term in the acupuncture word list matches the title or the registered intervention field)
ChiCTR,ChiCTR2500106762,持续性姿势-感知性头晕,Exclude,Registered intervention names no acupuncture-family modality (no term in the acupuncture word list matches the title or the registered intervention field)
ChiCTR,ChiCTR2500101280,胃肠镜检查过程中应用不同镇静药物的生命体征，包括血压、心率、呼吸等，以及患者术后不良反应，包括恶心、呕吐、头晕等,Exclude,Registered intervention names no acupuncture-family modality (no term in the acupuncture word list matches the title or the registered intervention field)
ChiCTR,ChiCTR2500100114,本研究针对接受颈动脉内膜剥脱术（CEA）的老年患者（65-80岁），其疾病背景为动脉粥样硬化性颈动脉狭窄，需通过CEA预防缺血性脑卒中。主要关注术后中枢神经系统并发症，包括脑卒中、无症状脑梗死及脑过度灌注综合征等；次要评估术后神经认知功能下降（PNCD）、焦虑抑郁（汉密尔顿量表）、疼痛（VAS量表）、睡眠质量（匹兹堡量表）及恢复质量。同时监测taVNS相关不良反应，如耳部皮疹、心悸、头晕等，以全面,Exclude,Registered intervention names no acupuncture-family modality (no term in the acupuncture word list matches the title or the registered intervention field)
ChiCTR,ChiCTR2500097866,头痛、头晕、恶心、呕吐,Exclude,Registered intervention names no acupuncture-family modality (no term in the acupuncture word list matches the title or the registered intervention field)
ChiCTR,ChiCTR2500096864,持续性姿势-感知性头晕,Exclude,Registered intervention names no acupuncture-family modality (no term in the acupuncture word list matches the title or the registered intervention field)
ChiCTR,ChiCTR2400094442,脑小血管病，以头晕、头痛等非特异性症状,Exclude,"Registered study type is 观察性研究, not an interventional design"
ChiCTR,ChiCTR2400094138,持续性姿势-感知性头晕,Exclude,"Registered study type is 观察性研究, not an interventional design"
ChiCTR,ChiCTR2400090140,IPSS-R 极低危、低危或中危骨髓增生异常综合征（MDS）贫血受试者 血细胞减少是临床上常见的血液学异常，指人体外周血中的白细胞、红细胞或血小板计数出现不同程度的降低，从而引起感染、头晕、乏力、出血、免疫功能下降或脏器缺血缺氧等症状,Exclude,Registered intervention names no acupuncture-family modality (no term in the acupuncture word list matches the title or the registered intervention field)
ChiCTR,ChiCTR2400089971,心力衰竭、心肌梗死的心血管疾病或其他心血管疾病以及胸闷、胸痛、头晕等常见相似症状的其他疾病,Exclude,"Registered study type is 观察性研究, not an interventional design"
ChiCTR,ChiCTR2400083944,持续性姿势-感知性头晕,Exclude,Registered intervention names no acupuncture-family modality (no term in the acupuncture word list matches the title or the registered intervention field)
ChiCTR,ChiCTR2300075458,头晕,Exclude,"Registered study type is 诊断试验, not an interventional design"
ChiCTR,ChiCTR2300071881,颈源性头晕,Include,
ChiCTR,ChiCTR2300071243,头晕,Exclude,Registered intervention names no acupuncture-family modality (no term in the acupuncture word list matches the title or the registered intervention field)
ChiCTR,ChiCTR2200060087,持续姿势-感知性头晕（PPPD）,Exclude,"Registered study type is 观察性研究, not an interventional design"
ChiCTR,ChiCTR2000040471,头晕,Exclude,"Registered study type is 观察性研究, not an interventional design"
ChiCTR,ChiCTR2000040204,持续性姿势感知性头晕,Exclude,Registered intervention names no acupuncture-family modality (no term in the acupuncture word list matches the title or the registered intervention field)
ChiCTR,ChiCTR2000035073,持续性姿势-感知性头晕,Exclude,Registered intervention names no acupuncture-family modality (no term in the acupuncture word list matches the title or the registered intervention field)
ChiCTR,ChiCTR1800016064,脑卒中、偏头痛、头晕、晕厥,Exclude,"Registered study type is 观察性研究, not an interventional design"
ChiCTR,ChiCTR-INR-17012061,颈性头晕,Exclude,Registered intervention names no acupuncture-family modality (no term in the acupuncture word list matches the title or the registered intervention field)
ChiCTR,ChiCTR-OOC-16009548,颈性头晕,Exclude,"Registered study type is 观察性研究, not an interventional design"
ChiCTR,ChiCTR2600122355,梅尼埃病,Exclude,"Registered study type is 观察性研究, not an interventional design"
ChiCTR,ChiCTR2500115551,"梅尼埃病（Meniere’sdisease, MD）",Exclude,"Registered study type is 观察性研究, not an interventional design"
ChiCTR,ChiCTR2500109583,梅尼埃病,Exclude,Registered intervention names no acupuncture-family modality (no term in the acupuncture word list matches the title or the registered intervention field)
ChiCTR,ChiCTR2500102489,梅尼埃病,Exclude,"Registered study type is 观察性研究, not an interventional design"
ChiCTR,ChiCTR2500100290,梅尼埃病,Exclude,"Registered study type is 观察性研究, not an interventional design"
ChiCTR,ChiCTR2500095217,梅尼埃病,Exclude,"Registered study type is 观察性研究, not an interventional design"
ChiCTR,ChiCTR2400093605,梅尼埃病,Exclude,"Registered study type is 诊断试验, not an interventional design"
ChiCTR,ChiCTR2400093237,梅尼埃病,Exclude,Registered intervention names no acupuncture-family modality (no term in the acupuncture word list matches the title or the registered intervention field)
ChiCTR,ChiCTR2400087114,梅尼埃病,Exclude,Registered intervention names no acupuncture-family modality (no term in the acupuncture word list matches the title or the registered intervention field)
ChiCTR,ChiCTR2400086895,梅尼埃病,Exclude,Registered intervention names no acupuncture-family modality (no term in the acupuncture word list matches the title or the registered intervention field)
ChiCTR,ChiCTR2400086879,梅尼埃病,Exclude,Registered intervention names no acupuncture-family modality (no term in the acupuncture word list matches the title or the registered intervention field)
ChiCTR,ChiCTR2400083842,梅尼埃病,Exclude,Registered intervention names no acupuncture-family modality (no term in the acupuncture word list matches the title or the registered intervention field)
ChiCTR,ChiCTR2300076143,梅尼埃病,Exclude,Registered intervention names no acupuncture-family modality (no term in the acupuncture word list matches the title or the registered intervention field)
ChiCTR,ChiCTR2300070187,难治性梅尼埃病,Exclude,"Registered study type is 观察性研究, not an interventional design"
ChiCTR,ChiCTR2300069172,梅尼埃病,Exclude,"Registered study type is 流行病学研究, not an interventional design"
ChiCTR,ChiCTR2200061169,梅尼埃病,Exclude,Registered intervention names no acupuncture-family modality (no term in the acupuncture word list matches the title or the registered intervention field)
ChiCTR,ChiCTR2200061004,梅尼埃病,Exclude,Registered intervention names no acupuncture-family modality (no term in the acupuncture word list matches the title or the registered intervention field)
ChiCTR,ChiCTR2100049239,梅尼埃病,Exclude,Registered intervention names no acupuncture-family modality (no term in the acupuncture word list matches the title or the registered intervention field)
ChiCTR,ChiCTR2100045503,梅尼埃病,Exclude,"Registered study type is 观察性研究, not an interventional design"
ChiCTR,ChiCTR2000036886,梅尼埃病,Exclude,"Registered study type is 诊断试验, not an interventional design"
ChiCTR,ChiCTR2000035905,梅尼埃病,Exclude,Registered intervention names no acupuncture-family modality (no term in the acupuncture word list matches the title or the registered intervention field)
ChiCTR,ChiCTR2000029028,梅尼埃病,Exclude,"Registered study type is 观察性研究, not an interventional design"
ChiCTR,ChiCTR1900024370,梅尼埃病,Exclude,Registered intervention names no acupuncture-family modality (no term in the acupuncture word list matches the title or the registered intervention field)
ChiCTR,ChiCTR1900023606,梅尼埃病,Exclude,Registered intervention names no acupuncture-family modality (no term in the acupuncture word list matches the title or the registered intervention field)
ChiCTR,ChiCTR1800015656,梅尼埃病,Exclude,"Registered study type is 病因学/相关因素研究, not an interventional design"
ChiCTR,ChiCTR-HOC-17013102,梅尼埃病,Exclude,"Registered study type is 卫生服务研究, not an interventional design"
ChiCTR,ChiCTR-IOR-15007299,梅尼埃病,Exclude,Registered intervention names no acupuncture-family modality (no term in the acupuncture word list matches the title or the registered intervention field)
ChiCTR,ChiCTR2500097982,前庭性偏头痛,Exclude,Registered intervention names no acupuncture-family modality (no term in the acupuncture word list matches the title or the registered intervention field)
ChiCTR,ChiCTR2400083113,前庭性偏头痛,Exclude,"Registered study type is 观察性研究, not an interventional design"
ChiCTR,ChiCTR2400080734,前庭性偏头痛,Include,
ChiCTR,ChiCTR2100053557,前庭性偏头痛,Exclude,"Registered study type is 观察性研究, not an interventional design"
ChiCTR,ChiCTR2100052387,前庭性偏头痛,Exclude,Registered intervention names no acupuncture-family modality (no term in the acupuncture word list matches the title or the registered intervention field)
ChiCTR,ChiCTR2100042199,前庭性偏头痛；脑卒中,Exclude,"Registered study type is 观察性研究, not an interventional design"
ChiCTR,ChiCTR2000033771,前庭性偏头痛,Exclude,Registered intervention names no acupuncture-family modality (no term in the acupuncture word list matches the title or the registered intervention field)
ChiCTR,ChiCTR1800014766,前庭性偏头痛,Exclude,"Registered study type is 病因学/相关因素研究, not an interventional design"
ChiCTR,ChiCTR-OPC-17011266,前庭性偏头痛,Exclude,"Registered study type is 观察性研究, not an interventional design"
ChiCTR,ChiCTR-IPR-15007404,前庭性偏头痛,Exclude,Registered intervention names no acupuncture-family modality (no term in the acupuncture word list matches the title or the registered intervention field)
ITMCTR,ITMCTR2026002578,良性阵发性位置性眩晕,Exclude,No acupuncture-family term in the registered title
ITMCTR,ITMCTR2026002160,良性阵发性位置性眩晕,Exclude,No acupuncture-family term in the registered title
ITMCTR,ITMCTR2026002159,良性阵发性位置性眩晕,Exclude,No acupuncture-family term in the registered title
ITMCTR,ITMCTR2026001675,颈型眩晕,Include,
ITMCTR,ITMCTR2026001516,阳虚水犯型周围性眩晕,Include,
ITMCTR,ITMCTR2026001432,颈性眩晕,Include,
ITMCTR,ITMCTR2026001291,后循序缺血孤立性眩晕,Include,
ITMCTR,ITMCTR2026000849,颈性眩晕,Exclude,No acupuncture-family term in the registered title
ITMCTR,ITMCTR2026000775,眩晕,Include,
ITMCTR,ITMCTR2026000573,骨质疏松合并良性阵发性位置性眩晕,Exclude,No acupuncture-family term in the registered title
ITMCTR,ITMCTR2026000407,后循环缺血性眩晕,Include,
ITMCTR,ITMCTR2026000378,后循环缺血性眩晕,Include,
ITMCTR,ITMCTR2026000377,后循环缺血性眩晕（少阳失枢兼肾精亏虚证）,Exclude,No acupuncture-family term in the registered title
ITMCTR,ITMCTR2025002341,良性阵发性位置性眩晕复位后残余头晕,Include,
ITMCTR,ITMCTR2025001283,卒中后血管性眩晕,Include,
ITMCTR,ITMCTR2025001259,颈性眩晕,Include,
ITMCTR,ITMCTR2025001209,老年眩晕病,Exclude,No acupuncture-family term in the registered title
ITMCTR,ITMCTR2025001182,颈椎病所致眩晕,Exclude,No acupuncture-family term in the registered title
ITMCTR,ITMCTR2025001136,良性阵发性位置性眩晕的残余头晕,Exclude,No acupuncture-family term in the registered title
ITMCTR,ITMCTR2025000649,良性阵发性位置性眩晕,Exclude,No acupuncture-family term in the registered title
ITMCTR,ITMCTR2025000249,慢性脑缺血所致的眩晕,Exclude,No acupuncture-family term in the registered title
ITMCTR,ITMCTR2025000184,颈性眩晕,Exclude,No acupuncture-family term in the registered title
ITMCTR,ITMCTR2024000745,良性阵发性位置性眩晕,Exclude,No acupuncture-family term in the registered title
ITMCTR,ITMCTR2024000559,中风、不寐、痴呆、眩晕、泄泻,Exclude,No acupuncture-family term in the registered title
ITMCTR,ITMCTR2200005589,颈源性眩晕,Exclude,Cross-registered on ChiCTR2200056229 (partner_registry_number); counted once under ChiCTR
ITMCTR,ITMCTR2200005551,后循环缺血眩晕,Exclude,Cross-registered on ChiCTR2200055867 (partner_registry_number); counted once under ChiCTR
ITMCTR,ITMCTR2100005093,良性阵发性位置性眩晕,Exclude,No acupuncture-family term in the registered title
ITMCTR,ITMCTR2100005043,良性阵发性位置性眩晕,Exclude,No acupuncture-family term in the registered title
ITMCTR,ITMCTR2100004929,前庭性眩晕急性发作,Exclude,Cross-registered on ChiCTR2100047162 (partner_registry_number); counted once under ChiCTR
ITMCTR,ITMCTR2100004431,颈源性眩晕,Exclude,Cross-registered on ChiCTR2000039716 (partner_registry_number); counted once under ChiCTR
ITMCTR,ITMCTR2000003943,颈性眩晕,Exclude,Cross-registered on ChiCTR2000036713 (partner_registry_number); counted once under ChiCTR
ITMCTR,ITMCTR2026000206,持续性姿势-感知性头晕,Include,
ITMCTR,ITMCTR2026000204,心脾两虚、气短心悸、失眠多梦、头昏头晕、肢倦乏力、食欲不振,Exclude,No acupuncture-family term in the registered title
ITMCTR,ITMCTR2025000901,脑小血管病相关性头晕,Include,
ITMCTR,ITMCTR2023000051,持续性姿势-知觉性头晕,Exclude,No acupuncture-family term in the registered title
ITMCTR,ITMCTR2026000347,前庭性偏头痛,Include,
